client_id,power,bandwidth,compute_time,server_0,server_1,server_2,server_3,server_4,data_num,label0,label1,label2,label3,label4,label5,label6,label7,label8,label9
0,27.49,1.28,6.46,202.8,142.84,66.84,164.22,222.75,600.0,0.2,0.2,0.0,0.0,0.0,0.0,0.2,0.0,0.2,0.2
1,39.01,6.73,0.93,279.49,392.12,540.69,469.85,329.85,600.0,0.0,0.0,0.2,0.0,0.2,0.0,0.2,0.2,0.2,0.0
2,34.64,3.83,1.7,332.29,409.04,397.99,188.48,170.18,600.0,0.0,0.0,0.0,0.0,0.2,0.2,0.0,0.2,0.2,0.2
3,31.97,5.58,9.0,475.89,484.67,367.76,228.02,349.16,600.0,0.0,0.2,0.2,0.2,0.0,0.0,0.2,0.2,0.0,0.0
4,23.12,9.17,6.1,407.68,339.94,468.47,608.76,567.33,600.0,0.0,0.2,0.2,0.2,0.0,0.2,0.0,0.2,0.0,0.0
5,23.12,3.24,0.19,197.5,113.45,264.46,382.26,348.2,600.0,0.2,0.0,0.2,0.2,0.0,0.0,0.2,0.2,0.0,0.0
6,21.16,4.69,1.1,196.04,229.9,406.91,443.39,348.41,600.0,0.0,0.2,0.0,0.0,0.2,0.2,0.2,0.0,0.0,0.2
7,37.32,7.8,6.67,368.69,493.67,589.99,440.82,308.71,600.0,0.0,0.0,0.0,0.2,0.2,0.0,0.2,0.2,0.2,0.0
8,32.02,3.06,0.15,359.43,368.83,267.82,111.62,242.97,600.0,0.0,0.0,0.0,0.2,0.2,0.2,0.2,0.0,0.0,0.2
9,34.16,1.69,1.69,222.24,272.97,256.25,63.65,86.38,600.0,0.0,0.0,0.2,0.0,0.2,0.0,0.2,0.0,0.2,0.2
10,20.41,3.61,5.53,135.9,214.32,382.49,380.61,271.81,600.0,0.0,0.2,0.2,0.0,0.0,0.0,0.0,0.2,0.2,0.2
11,39.4,2.45,6.95,79.72,201.35,339.7,293.1,173.23,600.0,0.0,0.2,0.2,0.0,0.0,0.2,0.2,0.0,0.2,0.0
12,36.65,9.37,6.55,441.56,562.78,633.97,458.13,345.54,600.0,0.0,0.2,0.2,0.2,0.0,0.0,0.0,0.2,0.2,0.0
13,24.25,8.27,2.32,427.93,321.15,388.48,570.38,568.95,600.0,0.2,0.0,0.0,0.2,0.0,0.2,0.0,0.2,0.2,0.0
14,23.64,6.7,7.15,353.5,262.33,370.07,526.79,504.6,600.0,0.0,0.2,0.0,0.2,0.0,0.0,0.2,0.2,0.2,0.0
15,23.67,8.84,2.45,420.36,331.28,432.73,595.12,573.04,600.0,0.0,0.2,0.2,0.0,0.2,0.2,0.2,0.0,0.0,0.0
16,26.08,8.23,3.32,500.33,375.28,313.2,525.09,586.89,600.0,0.2,0.2,0.0,0.2,0.0,0.0,0.2,0.0,0.0,0.2
17,30.5,2.68,7.49,349.34,320.64,179.88,140.28,280.39,600.0,0.2,0.0,0.2,0.2,0.2,0.2,0.0,0.0,0.0,0.0
18,28.64,9.03,6.53,593.03,505.26,332.88,450.49,579.78,600.0,0.0,0.0,0.0,0.0,0.0,0.2,0.2,0.2,0.2,0.2
19,25.82,5.85,8.51,413.18,287.97,243.22,454.11,505.27,600.0,0.0,0.2,0.0,0.0,0.0,0.0,0.2,0.2,0.2,0.2
20,32.24,8.27,6.61,562.91,580.12,466.16,317.49,424.71,600.0,0.2,0.2,0.0,0.2,0.2,0.0,0.0,0.0,0.2,0.0
21,22.79,9.06,5.73,392.35,339.11,481.52,606.73,554.04,600.0,0.0,0.2,0.0,0.2,0.0,0.0,0.2,0.2,0.2,0.0
22,25.84,3.86,1.03,334.1,210.46,163.57,371.6,420.13,600.0,0.2,0.0,0.0,0.0,0.2,0.2,0.2,0.0,0.2,0.0
23,27.33,1.99,3.74,269.15,180.18,11.77,223.64,299.65,600.0,0.0,0.2,0.0,0.0,0.2,0.2,0.2,0.2,0.0,0.0
24,29.12,3.05,2.73,367.11,303.64,130.75,215.96,340.7,600.0,0.2,0.0,0.0,0.0,0.0,0.2,0.2,0.2,0.2,0.0
25,35.7,4.84,2.52,334.48,436.66,466.75,272.38,190.72,600.0,0.2,0.2,0.0,0.0,0.2,0.2,0.2,0.0,0.0,0.0
26,23.99,8.36,9.73,419.93,320.01,403.22,576.8,566.39,600.0,0.0,0.2,0.2,0.2,0.2,0.0,0.0,0.2,0.0,0.0
27,30.28,8.75,3.99,597.5,554.71,386.17,377.05,519.64,600.0,0.0,0.0,0.0,0.0,0.2,0.2,0.2,0.0,0.2,0.2
28,31.85,1.06,8.93,171.3,175.08,153.37,93.77,136.21,600.0,0.2,0.0,0.2,0.0,0.0,0.2,0.2,0.2,0.0,0.0
29,20.93,5.6,6.35,228.67,273.29,450.01,476.54,373.09,600.0,0.2,0.0,0.0,0.2,0.2,0.0,0.0,0.0,0.2,0.2
30,32.15,4.76,7.97,439.78,453.45,345.74,192.46,310.82,600.0,0.2,0.0,0.2,0.0,0.0,0.0,0.2,0.2,0.2,0.0
31,23.41,3.0,5.08,198.0,99.1,240.03,366.81,341.98,600.0,0.2,0.2,0.0,0.0,0.2,0.0,0.2,0.0,0.0,0.2
32,21.3,2.08,5.81,64.19,102.06,270.04,299.73,225.98,600.0,0.0,0.0,0.2,0.0,0.2,0.2,0.0,0.2,0.0,0.2
33,38.98,4.04,4.98,174.95,294.07,434.17,365.16,228.64,600.0,0.0,0.2,0.0,0.0,0.0,0.2,0.0,0.2,0.2,0.2
34,39.31,9.49,2.03,359.51,461.7,620.77,563.67,424.85,600.0,0.2,0.2,0.2,0.2,0.0,0.0,0.0,0.2,0.0,0.0
35,36.17,3.91,7.25,277.03,384.55,431.76,253.47,145.56,600.0,0.0,0.2,0.0,0.0,0.2,0.0,0.2,0.2,0.2,0.0
36,26.09,5.67,2.88,416.08,292.01,227.43,439.43,498.79,600.0,0.0,0.2,0.0,0.2,0.2,0.0,0.0,0.2,0.0,0.2
37,21.95,7.33,0.34,312.2,300.03,468.62,550.21,472.29,600.0,0.2,0.2,0.2,0.2,0.0,0.0,0.2,0.0,0.0,0.0
38,33.68,4.27,6.49,382.78,437.57,388.47,179.8,225.55,600.0,0.2,0.0,0.0,0.0,0.2,0.2,0.2,0.0,0.2,0.0
39,28.8,9.75,1.85,615.96,531.57,357.47,463.34,595.8,600.0,0.2,0.0,0.2,0.2,0.2,0.2,0.0,0.0,0.0,0.0
40,22.44,9.66,9.41,396.94,360.72,514.35,623.77,558.97,600.0,0.0,0.2,0.2,0.2,0.0,0.2,0.0,0.2,0.0,0.0
41,29.9,3.27,9.54,384.05,338.56,177.18,193.47,330.59,600.0,0.2,0.2,0.2,0.2,0.0,0.2,0.0,0.0,0.0,0.0
42,20.69,5.48,9.16,221.09,278.26,453.54,467.66,358.55,600.0,0.0,0.2,0.0,0.2,0.0,0.0,0.0,0.2,0.2,0.2
43,38.19,3.71,3.76,185.64,311.04,426.96,324.05,181.76,600.0,0.2,0.0,0.2,0.2,0.2,0.0,0.2,0.0,0.0,0.0
44,25.18,3.56,0.25,296.14,170.74,180.18,373.14,401.04,600.0,0.0,0.2,0.0,0.0,0.2,0.2,0.0,0.2,0.2,0.0
45,33.25,1.33,9.29,205.13,232.74,202.35,42.87,110.94,600.0,0.0,0.0,0.0,0.2,0.2,0.0,0.2,0.0,0.2,0.2
46,26.23,6.49,4.34,449.9,326.17,252.45,464.19,529.04,600.0,0.0,0.0,0.2,0.0,0.2,0.0,0.0,0.2,0.2,0.2
47,30.4,5.52,9.67,488.0,451.26,289.97,267.88,410.66,600.0,0.2,0.0,0.0,0.0,0.2,0.2,0.0,0.0,0.2,0.2
48,30.93,1.46,9.64,245.61,233.14,144.93,69.04,185.76,600.0,0.2,0.0,0.0,0.0,0.2,0.2,0.2,0.0,0.0,0.2
49,23.7,3.51,8.54,233.91,129.33,249.32,392.78,375.48,600.0,0.2,0.0,0.2,0.2,0.2,0.0,0.0,0.0,0.2,0.0
50,39.39,9.17,3.02,349.32,449.68,610.16,557.32,419.5,600.0,0.2,0.0,0.2,0.2,0.2,0.0,0.0,0.0,0.0,0.2
51,35.5,3.16,3.91,268.87,360.83,382.8,191.51,112.97,600.0,0.2,0.2,0.2,0.2,0.0,0.0,0.0,0.0,0.2,0.0
52,38.79,2.3,8.53,91.53,216.91,338.07,267.67,139.54,600.0,0.2,0.0,0.0,0.2,0.2,0.0,0.2,0.0,0.0,0.2
53,37.9,5.41,3.24,266.23,391.61,504.14,383.41,241.62,600.0,0.0,0.0,0.2,0.2,0.0,0.2,0.0,0.2,0.2,0.0
54,31.96,9.87,1.78,614.83,623.56,497.48,367.34,481.89,600.0,0.0,0.0,0.2,0.2,0.0,0.0,0.2,0.0,0.2,0.2
55,38.44,3.18,5.61,151.16,276.49,396.75,306.82,167.34,600.0,0.0,0.0,0.2,0.0,0.2,0.2,0.0,0.2,0.0,0.2
56,21.77,7.05,9.37,297.99,295.73,467.63,539.46,456.41,600.0,0.2,0.0,0.2,0.0,0.2,0.2,0.0,0.0,0.2,0.0
57,23.92,7.85,6.99,401.71,303.29,391.92,561.95,549.07,600.0,0.2,0.0,0.0,0.2,0.0,0.2,0.2,0.2,0.0,0.0
58,20.9,3.14,5.74,116.41,171.91,344.45,364.18,269.92,600.0,0.2,0.0,0.2,0.2,0.0,0.0,0.0,0.2,0.2,0.0
59,26.51,7.55,1.06,494.18,371.79,281.39,490.3,564.81,600.0,0.0,0.0,0.2,0.2,0.2,0.2,0.0,0.2,0.0,0.0
60,27.77,4.31,6.19,409.6,311.14,149.55,327.09,430.04,600.0,0.2,0.0,0.2,0.0,0.2,0.0,0.2,0.0,0.0,0.2
61,25.43,6.69,9.9,426.95,302.14,287.13,494.49,533.43,600.0,0.0,0.0,0.0,0.0,0.2,0.0,0.2,0.2,0.2,0.2
62,36.57,6.7,1.49,364.47,483.13,549.35,374.89,260.94,600.0,0.0,0.2,0.0,0.2,0.2,0.0,0.0,0.0,0.2,0.2
63,27.14,5.82,5.23,454.69,341.5,211.73,409.79,500.13,600.0,0.2,0.0,0.0,0.2,0.2,0.2,0.0,0.0,0.2,0.0
64,25.62,1.81,8.79,212.69,102.71,86.23,253.84,287.82,600.0,0.2,0.2,0.2,0.0,0.0,0.0,0.0,0.0,0.2,0.2
65,30.85,8.52,7.43,588.67,563.18,406.51,351.91,490.84,600.0,0.2,0.2,0.0,0.0,0.2,0.2,0.2,0.0,0.0,0.0
66,22.82,3.89,7.0,214.3,149.54,306.28,416.58,371.69,600.0,0.0,0.2,0.0,0.2,0.0,0.0,0.2,0.2,0.0,0.2
67,36.04,2.68,7.05,223.63,322.26,362.79,190.68,77.59,600.0,0.0,0.0,0.2,0.0,0.2,0.0,0.2,0.0,0.2,0.2
68,21.49,1.37,3.66,55.99,75.17,208.67,230.57,179.39,600.0,0.2,0.0,0.2,0.2,0.2,0.2,0.0,0.0,0.0,0.0
69,39.74,6.32,3.01,253.2,347.49,511.35,477.25,346.93,600.0,0.2,0.2,0.2,0.0,0.0,0.0,0.2,0.0,0.0,0.2
70,35.44,7.1,8.11,424.34,525.53,545.24,341.55,278.34,600.0,0.2,0.2,0.0,0.2,0.0,0.0,0.0,0.2,0.0,0.2
71,23.97,1.15,8.12,123.93,74.94,137.87,194.23,192.7,600.0,0.0,0.2,0.0,0.2,0.0,0.2,0.2,0.2,0.0,0.0
72,20.11,5.61,8.68,224.33,306.92,475.84,460.71,338.54,600.0,0.0,0.0,0.2,0.0,0.2,0.2,0.0,0.0,0.2,0.2
73,36.31,3.04,9.14,231.21,336.93,387.54,219.57,99.55,600.0,0.0,0.0,0.0,0.2,0.2,0.2,0.2,0.2,0.0,0.0
74,34.14,6.81,5.16,464.22,534.87,499.06,288.38,302.06,600.0,0.2,0.0,0.2,0.0,0.0,0.2,0.0,0.0,0.2,0.2
75,34.58,2.57,5.07,269.96,338.92,329.01,124.36,109.79,600.0,0.2,0.2,0.2,0.0,0.0,0.0,0.2,0.0,0.0,0.2
76,35.43,7.22,8.0,428.97,529.92,548.81,344.66,282.65,600.0,0.0,0.0,0.2,0.0,0.2,0.2,0.0,0.0,0.2,0.2
77,21.48,4.48,6.53,194.17,209.67,386.55,438.02,352.32,600.0,0.0,0.2,0.2,0.0,0.2,0.2,0.0,0.0,0.0,0.2
78,27.17,9.43,7.05,570.82,454.52,329.28,521.55,617.41,600.0,0.2,0.2,0.0,0.2,0.0,0.0,0.0,0.2,0.0,0.2
79,22.32,2.24,7.98,113.57,69.29,246.36,318.46,267.66,600.0,0.2,0.2,0.0,0.0,0.0,0.0,0.0,0.2,0.2,0.2
80,37.26,4.07,8.91,238.22,360.14,447.3,305.4,167.81,600.0,0.2,0.2,0.2,0.0,0.0,0.2,0.2,0.0,0.0,0.0
81,32.47,2.02,3.45,283.99,302.52,230.28,36.15,170.89,600.0,0.2,0.0,0.2,0.2,0.2,0.0,0.0,0.2,0.0,0.0
82,26.62,9.32,3.82,550.51,428.18,332.81,538.92,618.47,600.0,0.0,0.2,0.0,0.0,0.2,0.2,0.2,0.2,0.0,0.0
83,21.27,8.9,1.03,344.34,367.8,543.69,591.96,492.34,600.0,0.2,0.0,0.2,0.0,0.0,0.2,0.2,0.2,0.0,0.0
84,26.22,3.32,5.82,320.9,202.09,124.08,334.72,392.63,600.0,0.2,0.0,0.2,0.2,0.0,0.2,0.0,0.0,0.0,0.2
85,26.5,6.94,0.46,474.28,352.25,261.25,470.62,544.35,600.0,0.2,0.2,0.0,0.0,0.0,0.0,0.2,0.0,0.2,0.2
86,34.59,8.35,4.71,496.45,580.22,562.63,350.59,336.74,600.0,0.2,0.0,0.2,0.0,0.0,0.2,0.2,0.0,0.2,0.0
87,32.75,6.0,5.47,476.19,507.75,417.63,239.13,330.15,600.0,0.0,0.2,0.0,0.0,0.2,0.0,0.2,0.2,0.0,0.2
88,37.74,5.77,2.94,285.19,410.61,518.82,390.74,250.39,600.0,0.0,0.2,0.0,0.2,0.0,0.0,0.0,0.2,0.2,0.2
89,29.44,3.18,5.95,376.85,320.42,151.31,208.45,339.15,600.0,0.0,0.2,0.2,0.2,0.0,0.2,0.0,0.2,0.0,0.0
90,22.39,1.84,0.4,96.71,44.3,219.31,285.8,241.38,600.0,0.2,0.2,0.0,0.0,0.2,0.0,0.0,0.0,0.2,0.2
91,34.26,9.07,0.47,529.35,605.54,573.14,362.39,367.66,600.0,0.2,0.0,0.2,0.0,0.0,0.2,0.0,0.0,0.2,0.2
92,35.22,9.1,8.24,493.76,592.36,601.93,393.46,344.52,600.0,0.2,0.0,0.2,0.0,0.2,0.2,0.2,0.0,0.0,0.0
93,31.23,6.7,3.67,526.67,513.14,369.5,283.79,419.33,600.0,0.0,0.2,0.0,0.2,0.0,0.2,0.0,0.2,0.0,0.2
94,35.42,4.05,1.36,313.3,407.63,426.46,228.46,159.74,600.0,0.2,0.2,0.0,0.0,0.0,0.2,0.0,0.2,0.0,0.2
95,29.88,4.14,5.27,428.52,379.77,212.83,233.7,373.0,600.0,0.2,0.0,0.0,0.2,0.0,0.0,0.2,0.0,0.2,0.2
96,30.45,7.53,7.72,559.42,522.45,358.37,334.49,476.79,600.0,0.0,0.2,0.0,0.2,0.2,0.2,0.0,0.0,0.2,0.0
97,28.55,9.07,2.24,592.77,502.87,331.88,455.34,583.11,600.0,0.0,0.2,0.0,0.2,0.0,0.0,0.2,0.2,0.2,0.0
98,20.51,8.98,6.27,337.96,397.91,573.83,581.02,462.33,600.0,0.0,0.0,0.2,0.2,0.0,0.2,0.0,0.2,0.0,0.2
99,22.16,8.02,0.94,340.08,317.34,480.74,573.76,501.33,600.0,0.0,0.2,0.2,0.2,0.0,0.0,0.0,0.2,0.0,0.2
