epoch,selected_clients,accuracy,loss,run_time,sim_round_time,epoch_cum_time
1,"[62, 91, 88, 39, 27, 34, 59, 1, 85, 2]",14.72,2.7370964097976684,22.177703142166138,10.27,10.27
2,"[82, 18, 36, 74, 12, 44, 16, 92, 99, 15]",25.45,2.069031479358673,47.18661689758301,13.27,23.54
3,"[51, 30, 55, 35, 96, 4, 38, 63, 3, 65]",32.04,1.8776817691326144,72.57102870941162,16.44,39.980000000000004
4,"[26, 84, 47, 11, 67, 73, 89, 80, 52, 61]",35.0,1.7692612242698669,91.69518208503725,19.21,59.190000000000005
5,"[41, 32, 64, 49, 31, 48, 58, 79, 45, 10]",36.45,1.7458374416828155,116.63951420783997,26.23,85.42
6,"[82, 92, 15, 87, 43, 44, 74, 12, 33, 16]",42.87,1.5608851325511932,143.01529097557068,13.08,98.5
7,"[72, 77, 58, 41, 0, 66, 48, 42, 56, 64]",44.09,1.55875164270401,169.08575987815857,26.23,124.73
8,"[98, 90, 67, 47, 57, 19, 84, 61, 23, 81]",41.74,1.633695079088211,194.20839047431943,19.67,144.4
9,"[78, 21, 6, 24, 96, 5, 3, 30, 51, 70]",44.15,1.5071992838382722,219.1019365787506,16.44,160.84
10,"[1, 85, 53, 88, 34, 62, 97, 59, 54, 25]",43.9,1.5288918817043304,241.3962633609772,9.61,170.45
11,"[86, 53, 25, 50, 88, 34, 62, 59, 8, 93]",47.6,1.4515378153324128,264.83712577819824,10.88,181.32999999999998
12,"[88, 93, 94, 53, 59, 62, 34, 8, 39, 1]",48.94,1.4169932913780212,288.9919571876526,10.88,192.20999999999998
13,"[31, 41, 66, 56, 28, 72, 71, 10, 0, 68]",49.26,1.416226630806923,312.91642141342163,28.13,220.33999999999997
14,"[52, 23, 47, 60, 81, 84, 29, 73, 11, 90]",52.49,1.3222580111026765,334.27946162223816,19.67,240.01
15,"[84, 81, 19, 26, 89, 14, 60, 98, 73, 11]",49.7,1.4351854169368743,358.16909527778625,19.13,259.14
16,"[27, 54, 8, 62, 97, 94, 85, 88, 86, 2]",52.72,1.383965129852295,378.35790824890137,10.88,270.02
17,"[66, 32, 56, 79, 17, 72, 48, 58, 45, 31]",52.49,1.347856605052948,400.2443807125092,26.2,296.21999999999997
18,"[32, 72, 58, 31, 48, 68, 64, 79, 0, 45]",54.96,1.2706849777698517,426.6066131591797,26.23,322.45
19,"[82, 92, 7, 18, 22, 99, 46, 44, 83, 15]",55.6,1.276298560500145,448.251305103302,13.35,335.8
20,"[94, 69, 2, 93, 97, 27, 85, 8, 54, 39]",48.99,1.4867072999477386,469.1212821006775,10.88,346.68
21,"[44, 83, 16, 37, 46, 74, 13, 12, 15, 99]",53.85,1.367741117477417,494.8645775318146,13.35,360.03000000000003
22,"[96, 75, 3, 51, 65, 95, 5, 9, 70, 76]",55.88,1.2609031653404237,523.9093806743622,16.44,376.47
23,"[76, 5, 65, 9, 96, 63, 75, 4, 70, 24]",51.86,1.4063120543956755,551.2107610702515,16.15,392.62
24,"[7, 18, 22, 37, 92, 20, 43, 16, 74, 87]",56.49,1.2473846632242205,575.3307111263275,13.27,405.89
25,"[26, 98, 90, 29, 52, 23, 40, 60, 84, 61]",58.6,1.193682340979576,599.9927413463593,19.67,425.56
26,"[16, 74, 20, 33, 46, 22, 83, 36, 99, 37]",56.46,1.2507111948728562,626.7339005470276,13.35,438.91
27,"[63, 35, 78, 24, 21, 70, 75, 76, 96, 9]",57.73,1.219019120335579,652.4508836269379,16.15,455.06
28,"[81, 80, 29, 60, 57, 52, 73, 90, 61, 67]",60.5,1.1262227511405944,673.9401137828827,19.67,474.73
29,"[4, 3, 55, 6, 76, 65, 30, 51, 35, 63]",59.4,1.1732960087060929,700.1210916042328,16.44,491.17
30,"[68, 72, 28, 45, 66, 41, 79, 71, 17, 64]",61.32,1.112534254193306,728.9855227470398,28.13,519.3000000000001
31,"[48, 31, 42, 64, 79, 72, 58, 49, 0, 77]",58.37,1.224867323040962,752.6531691551208,26.23,545.5300000000001
32,"[31, 79, 77, 56, 48, 72, 71, 42, 41, 10]",60.46,1.152465490102768,773.9356186389923,28.13,573.6600000000001
33,"[16, 18, 37, 74, 82, 43, 33, 15, 20, 99]",61.75,1.1144434589147567,801.6845550537109,13.27,586.9300000000001
34,"[85, 88, 69, 8, 39, 50, 2, 34, 27, 59]",55.72,1.331462290287018,822.5325887203217,10.88,597.8100000000001
35,"[19, 52, 84, 57, 60, 14, 90, 26, 80, 98]",61.0,1.1363174879550937,850.7414236068726,19.67,617.48
36,"[30, 55, 9, 24, 63, 21, 78, 76, 70, 35]",61.67,1.1077760761976243,877.2566387653351,16.11,633.59
37,"[97, 54, 25, 8, 91, 85, 94, 88, 50, 2]",61.44,1.1528961038589478,895.7302937507629,10.88,644.47
38,"[70, 63, 24, 3, 9, 95, 30, 65, 75, 21]",63.64,1.066357529759407,923.0586364269255,16.44,660.9100000000001
39,"[8, 69, 85, 93, 88, 86, 39, 50, 91, 1]",60.92,1.1780029344558716,944.3443298339844,10.88,671.7900000000001
40,"[26, 47, 80, 60, 84, 73, 57, 61, 11, 90]",62.4,1.1079005408287048,965.0759918689728,19.67,691.46
41,"[25, 2, 94, 91, 62, 1, 59, 34, 88, 27]",61.83,1.1426264250278473,986.4307243824004,10.27,701.73
42,"[95, 75, 30, 63, 35, 65, 51, 9, 78, 4]",62.33,1.1202121651172638,1011.3245689868928,16.15,717.88
43,"[59, 69, 39, 62, 8, 53, 88, 93, 97, 34]",63.18,1.063495815992355,1036.8333551883698,10.88,728.76
44,"[37, 13, 18, 36, 12, 82, 87, 92, 43, 33]",63.08,1.0757270401716232,1060.9196527004242,13.27,742.03
45,"[37, 99, 13, 16, 20, 36, 12, 46, 44, 87]",59.39,1.2428134322166442,1084.4103984832764,13.35,755.38
46,"[68, 32, 72, 58, 79, 17, 42, 41, 10, 56]",64.16,1.0344172698259353,1109.7266840934751,25.8,781.18
47,"[24, 65, 3, 95, 6, 5, 35, 30, 78, 51]",65.27,1.0039873588085175,1135.881193637848,16.44,797.62
48,"[41, 49, 56, 64, 31, 45, 72, 10, 48, 32]",63.3,1.1163040864467622,1162.9060380458832,26.23,823.85
49,"[26, 23, 81, 73, 67, 11, 60, 98, 61, 90]",65.66,1.016086027622223,1185.8190157413485,19.67,843.52
50,"[44, 92, 43, 87, 36, 74, 33, 13, 15, 20]",64.48,1.0486364132165908,1210.3296513557434,13.08,856.6
51,"[81, 19, 23, 40, 26, 89, 67, 98, 11, 47]",63.52,1.1052925437688828,1234.7406570911407,19.64,876.24
52,"[7, 43, 36, 20, 13, 15, 83, 46, 18, 99]",62.21,1.1766606396436692,1257.8188519477844,13.35,889.59
53,"[60, 19, 40, 67, 26, 73, 29, 61, 84, 89]",61.78,1.1351315301656724,1279.6157689094543,19.64,909.23
54,"[68, 71, 64, 10, 45, 0, 48, 32, 77, 42]",64.49,1.060401231050491,1307.794944524765,28.13,937.36
55,"[65, 38, 9, 5, 3, 35, 6, 70, 30, 63]",62.8,1.1077771252393722,1334.8091201782229,16.44,953.8000000000001
56,"[39, 69, 50, 91, 1, 62, 8, 97, 86, 94]",61.76,1.165938627719879,1355.5072371959686,10.88,964.6800000000001
57,"[94, 93, 69, 53, 86, 2, 62, 34, 85, 91]",65.2,1.0608872014284134,1372.953454732895,10.57,975.2500000000001
58,"[81, 26, 14, 89, 52, 60, 47, 90, 80, 29]",66.5,0.994048011302948,1396.3966324329376,19.67,994.9200000000001
59,"[63, 21, 9, 5, 75, 38, 35, 95, 24, 55]",67.15,0.9842521965503692,1426.2327332496643,16.15,1011.07
60,"[30, 21, 78, 4, 75, 63, 6, 70, 5, 9]",64.45,1.0753371292352676,1451.8069756031036,16.15,1027.22
61,"[9, 4, 96, 24, 21, 76, 95, 63, 70, 6]",67.16,0.979753320813179,1477.7568306922913,16.03,1043.25
62,"[85, 8, 2, 34, 50, 27, 62, 69, 59, 25]",66.37,1.016420972943306,1499.0657579898834,10.88,1054.13
63,"[43, 82, 36, 92, 33, 99, 37, 46, 12, 16]",65.88,1.02696080327034,1527.0982129573822,13.35,1067.48
64,"[94, 53, 91, 93, 86, 2, 54, 50, 69, 59]",66.06,1.0385097885131835,1542.6430220603943,10.57,1078.05
65,"[29, 90, 14, 61, 40, 11, 67, 23, 60, 26]",67.71,0.9661847466230392,1564.9965105056765,19.67,1097.72
66,"[5, 6, 78, 21, 63, 38, 24, 51, 55, 9]",66.82,1.0052823686599732,1595.2108306884766,16.03,1113.75
67,"[93, 91, 34, 94, 50, 27, 39, 2, 8, 86]",62.03,1.1711943280696868,1614.9079639911652,10.88,1124.63
68,"[6, 5, 55, 21, 75, 78, 3, 30, 63, 35]",67.15,0.9846187877655028,1642.547046661377,16.44,1141.0700000000002
69,"[47, 57, 61, 60, 80, 89, 81, 84, 29, 73]",64.58,1.1015962862968445,1662.4422886371613,19.63,1160.7000000000003
70,"[74, 12, 37, 43, 18, 15, 82, 16, 36, 92]",67.29,0.9964427137374878,1688.8531897068024,13.27,1173.9700000000003
71,"[16, 18, 43, 83, 99, 20, 13, 82, 15, 87]",64.59,1.1373827797174454,1711.261059999466,13.27,1187.2400000000002
72,"[16, 13, 15, 46, 12, 83, 7, 92, 33, 43]",66.41,1.0388668847084046,1736.6026866436005,13.35,1200.5900000000001
73,"[20, 43, 82, 37, 16, 87, 46, 7, 33, 15]",65.15,1.1060351407527924,1761.2317304611206,13.35,1213.94
74,"[81, 40, 80, 98, 26, 84, 89, 29, 47, 52]",67.8,0.9766267812252044,1783.543015956879,19.64,1233.5800000000002
75,"[84, 60, 26, 61, 81, 67, 89, 90, 14, 57]",66.14,1.0354238349199294,1808.7259149551392,19.67,1253.2500000000002
76,"[28, 56, 79, 49, 45, 58, 10, 32, 72, 66]",68.26,0.9590882968902588,1830.574594497681,25.8,1279.0500000000002
77,"[42, 58, 77, 49, 68, 41, 0, 64, 72, 32]",66.9,0.9801649081707,1858.5210371017456,26.23,1305.2800000000002
78,"[0, 42, 17, 45, 64, 77, 58, 41, 56, 66]",66.91,1.0209659790992738,1887.926114320755,26.23,1331.5100000000002
79,"[42, 49, 64, 17, 10, 31, 41, 32, 45, 58]",65.48,1.0785429620742797,1916.437878608704,26.23,1357.7400000000002
80,"[48, 58, 45, 71, 68, 0, 17, 31, 66, 41]",66.72,1.039823687672615,1941.2964236736295,28.13,1385.8700000000003
81,"[20, 37, 15, 87, 22, 99, 83, 13, 43, 36]",66.56,1.0481721311807632,1963.9245195388796,12.88,1398.7500000000005
82,"[85, 59, 25, 88, 97, 50, 62, 1, 93, 94]",66.42,1.0430436289310456,1982.5584995746613,10.57,1409.3200000000004
83,"[85, 62, 2, 54, 69, 93, 59, 39, 50, 97]",61.97,1.2168295121192931,2001.8700711727145,10.57,1419.8900000000003
84,"[9, 38, 70, 55, 75, 30, 78, 65, 63, 51]",68.24,0.9724092090129852,2027.611155986786,16.15,1436.0400000000004
85,"[29, 11, 47, 80, 23, 90, 40, 98, 57, 84]",67.08,1.057734516263008,2051.115611076355,19.67,1455.7100000000005
86,"[86, 62, 91, 97, 8, 39, 25, 54, 34, 2]",67.65,0.9951903718709946,2077.1741864681244,10.88,1466.5900000000006
87,"[24, 4, 70, 65, 6, 96, 76, 38, 5, 95]",68.6,0.9182513111829758,2104.289446592331,15.88,1482.4700000000007
88,"[74, 7, 18, 15, 82, 16, 46, 99, 43, 44]",67.56,1.0325408095121384,2128.771465063095,13.35,1495.8200000000006
89,"[90, 14, 23, 73, 52, 61, 40, 11, 19, 67]",68.77,0.9607536417245864,2149.9364292621613,19.67,1515.4900000000007
90,"[97, 93, 1, 62, 69, 85, 27, 50, 25, 2]",66.95,1.0335988998413086,2167.796717405319,10.57,1526.0600000000006
91,"[89, 14, 90, 57, 29, 60, 67, 40, 98, 19]",67.58,1.0551089936494826,2196.435073137284,19.67,1545.7300000000007
92,"[22, 15, 74, 37, 18, 87, 7, 83, 44, 92]",69.38,0.973134297132492,2216.9576258659363,13.27,1559.0000000000007
93,"[58, 49, 10, 28, 41, 64, 45, 42, 77, 66]",68.68,0.9675739789009096,2244.074807882309,26.23,1585.2300000000007
94,"[50, 34, 1, 54, 97, 86, 59, 25, 8, 39]",66.47,1.0586709064245223,2266.8155286312103,10.88,1596.1100000000008
95,"[16, 83, 15, 20, 99, 22, 18, 37, 44, 74]",69.49,0.97780324280262,2291.2240636348724,13.27,1609.3800000000008
96,"[71, 31, 28, 42, 49, 17, 64, 41, 79, 72]",66.71,1.0733785367012023,2316.083409309387,28.13,1637.510000000001
97,"[64, 17, 49, 31, 56, 58, 48, 42, 68, 66]",69.1,0.9664834713935851,2343.447345972061,26.23,1663.740000000001
98,"[13, 18, 36, 22, 82, 37, 46, 43, 92, 87]",69.46,0.9784060502052307,2365.2834680080414,13.35,1677.0900000000008
99,"[81, 89, 84, 26, 61, 11, 29, 67, 47, 60]",67.26,1.0077707690000537,2386.1608996391296,19.63,1696.720000000001
100,"[68, 77, 42, 49, 48, 31, 0, 10, 79, 17]",68.95,0.935468225479126,2409.745693922043,26.2,1722.920000000001
101,"[30, 21, 35, 76, 55, 24, 78, 38, 96, 5]",69.55,0.9379433527588844,2436.5933122634888,16.11,1739.0300000000009
102,"[21, 76, 55, 24, 63, 3, 4, 96, 95, 6]",70.34,0.9305184131860732,2464.3429589271545,16.44,1755.470000000001
103,"[70, 51, 96, 78, 38, 24, 75, 21, 55, 76]",69.03,0.9778217107057572,2490.80992102623,16.15,1771.620000000001
104,"[58, 41, 68, 64, 66, 71, 32, 45, 49, 0]",69.45,0.9605539232492448,2520.5320041179657,28.13,1799.7500000000011
105,"[61, 90, 14, 52, 11, 67, 81, 19, 47, 57]",68.92,0.973825667500496,2542.6948392391205,19.67,1819.4200000000012
106,"[77, 49, 28, 42, 64, 48, 17, 66, 32, 0]",68.72,0.9889332425594328,2570.445209980011,26.23,1845.6500000000012
107,"[75, 3, 4, 63, 21, 24, 96, 78, 6, 30]",69.8,0.9310914552211762,2593.3763344287872,16.44,1862.0900000000013
108,"[30, 6, 21, 5, 55, 95, 70, 38, 4, 35]",69.88,0.9347744679450988,2620.757837295532,16.11,1878.2000000000012
109,"[28, 31, 42, 45, 0, 10, 48, 79, 71, 77]",69.3,0.964822597503662,2641.946660757065,28.13,1906.3300000000013
110,"[4, 76, 63, 9, 5, 35, 75, 96, 21, 24]",67.81,1.0288625514507297,2669.506374597549,16.15,1922.4800000000014
111,"[68, 17, 66, 28, 48, 31, 58, 0, 45, 56]",69.54,0.9586059319972992,2694.339677095413,26.2,1948.6800000000014
112,"[71, 0, 77, 42, 64, 56, 79, 32, 58, 49]",68.42,1.029802428483963,2719.6062066555023,28.13,1976.8100000000015
113,"[31, 77, 58, 72, 48, 32, 71, 10, 28, 42]",68.57,0.9632460063695908,2737.868715763092,28.13,2004.9400000000016
114,"[70, 21, 78, 38, 51, 4, 30, 6, 75, 63]",69.95,0.925430092215538,2762.159960746765,16.15,2021.0900000000017
115,"[95, 3, 35, 63, 96, 24, 55, 38, 5, 65]",70.75,0.941951743364334,2791.547623157501,16.44,2037.5300000000018
116,"[13, 82, 20, 37, 22, 83, 15, 18, 16, 44]",70.32,0.9656885522603988,2814.252125263214,13.27,2050.800000000002
117,"[24, 21, 3, 51, 75, 4, 63, 5, 30, 65]",70.15,0.9431423652172088,2840.8429324626923,16.44,2067.240000000002
118,"[77, 68, 32, 72, 28, 48, 66, 58, 45, 41]",69.65,0.948679257631302,2865.0671825408936,26.2,2093.440000000002
119,"[0, 45, 41, 58, 71, 72, 56, 68, 66, 32]",68.7,1.005194167494774,2890.021990776062,28.13,2121.570000000002
120,"[17, 0, 49, 71, 31, 68, 72, 32, 58, 66]",69.71,0.9877328354120256,2913.0222067832947,28.13,2149.700000000002
121,"[37, 87, 46, 43, 99, 33, 20, 18, 83, 36]",70.43,0.9406874591112137,2937.0943393707275,13.35,2163.050000000002
122,"[50, 62, 1, 97, 25, 91, 27, 54, 59, 34]",69.31,0.9897419238090516,2958.002106666565,10.24,2173.290000000002
123,"[57, 19, 84, 26, 89, 81, 90, 73, 47, 61]",69.3,0.955168712735176,2979.9258136749268,19.67,2192.960000000002
124,"[27, 8, 88, 54, 2, 25, 94, 39, 50, 93]",68.73,0.992808730006218,3002.0666031837463,10.88,2203.840000000002
125,"[16, 83, 82, 7, 37, 36, 33, 87, 18, 43]",69.92,0.96786858856678,3027.023500442505,13.27,2217.110000000002
126,"[2, 59, 34, 53, 91, 50, 88, 1, 39, 54]",68.43,1.0146457022428512,3047.982386350632,10.27,2227.380000000002
127,"[88, 93, 53, 59, 62, 85, 86, 39, 91, 97]",68.41,1.0366948443651198,3072.9757604599,10.57,2237.950000000002
128,"[48, 42, 58, 77, 68, 45, 32, 66, 64, 10]",69.87,0.948391688466072,3100.261507511139,26.23,2264.180000000002
129,"[81, 11, 80, 29, 19, 14, 23, 26, 90, 47]",71.9,0.8660277044773101,3121.70488023758,19.67,2283.850000000002
130,"[11, 73, 52, 98, 26, 19, 23, 61, 57, 67]",69.01,0.9963278263807296,3144.618422985077,19.58,2303.430000000002
131,"[16, 22, 36, 99, 74, 87, 13, 46, 37, 83]",70.29,0.979709016084671,3166.885812520981,13.35,2316.780000000002
132,"[39, 59, 62, 93, 27, 91, 69, 50, 2, 1]",63.19,1.2610780143737792,3186.9140090942383,10.57,2327.350000000002
133,"[21, 65, 55, 51, 76, 6, 78, 70, 75, 38]",70.96,0.9156421315670014,3214.901311159134,16.15,2343.5000000000023
134,"[67, 57, 29, 90, 23, 26, 52, 81, 89, 40]",71.59,0.8751476591825486,3240.428656578064,19.67,2363.1700000000023
135,"[3, 51, 24, 63, 9, 30, 4, 6, 65, 76]",71.49,0.906142429113388,3266.514122724533,16.44,2379.6100000000024
136,"[17, 66, 71, 32, 58, 72, 56, 48, 77, 64]",72.05,0.93044304728508,3291.2557015419006,28.13,2407.7400000000025
137,"[80, 11, 26, 23, 81, 98, 90, 14, 73, 89]",71.22,0.9423066586256028,3315.5098650455475,19.67,2427.4100000000026
138,"[9, 75, 70, 21, 96, 38, 51, 95, 5, 24]",71.64,0.9075481271743776,3345.3862974643707,16.15,2443.5600000000027
139,"[38, 21, 51, 76, 4, 35, 55, 75, 5, 9]",71.11,0.93715878367424,3375.195820569992,16.15,2459.7100000000028
140,"[22, 83, 82, 92, 33, 15, 44, 74, 36, 7]",70.18,0.9664055216312408,3398.8250529766083,13.08,2472.7900000000027
141,"[46, 18, 92, 33, 20, 15, 99, 7, 37, 36]",70.69,0.9585885858535766,3422.514060974121,13.35,2486.1400000000026
142,"[90, 26, 81, 29, 67, 61, 14, 23, 52, 89]",72.22,0.8809946548938751,3445.493843317032,19.67,2505.8100000000027
143,"[25, 53, 94, 62, 85, 69, 54, 86, 50, 2]",71.54,0.9277567374706268,3465.1440885066986,10.27,2516.0800000000027
144,"[50, 86, 34, 2, 27, 1, 69, 25, 59, 54]",67.89,1.122381592988968,3482.434560060501,10.27,2526.3500000000026
145,"[50, 2, 1, 85, 62, 69, 54, 27, 25, 91]",68.96,1.04910835981369,3502.400073289871,10.27,2536.6200000000026
146,"[97, 8, 59, 62, 69, 34, 85, 39, 27, 1]",67.14,1.107034175992012,3526.1342165470123,10.88,2547.5000000000027
147,"[32, 48, 71, 41, 49, 72, 79, 0, 10, 45]",68.36,1.0537525171041489,3548.7286717891693,28.13,2575.630000000003
148,"[90, 29, 60, 47, 40, 57, 11, 98, 26, 89]",71.2,0.9692670053243636,3575.211380004883,19.67,2595.300000000003
149,"[95, 51, 78, 63, 6, 76, 65, 3, 5, 75]",71.29,0.936121151447296,3602.088195323944,16.44,2611.740000000003
150,"[34, 27, 69, 53, 94, 39, 54, 8, 86, 50]",70.94,0.9468063896894456,3624.272261619568,10.88,2622.620000000003
151,"[5, 75, 65, 76, 63, 30, 6, 38, 51, 3]",71.24,0.9340703999996184,3652.192940711975,16.44,2639.060000000003
152,"[65, 24, 21, 35, 4, 38, 96, 55, 63, 70]",70.52,0.9575474935770036,3679.5899815559383,15.88,2654.9400000000032
153,"[9, 70, 95, 35, 75, 63, 5, 3, 38, 96]",69.06,1.0617246639728546,3708.680028438568,16.44,2671.3800000000033
154,"[44, 15, 74, 37, 20, 18, 12, 36, 16, 7]",70.73,0.9705358374118804,3734.2181012630463,13.27,2684.6500000000033
155,"[67, 11, 47, 19, 84, 80, 60, 14, 98, 90]",70.81,0.998624990582466,3759.163563489914,19.67,2704.3200000000033
156,"[89, 11, 73, 14, 98, 80, 67, 61, 60, 26]",70.78,0.9726366853713988,3782.193798780441,19.21,2723.5300000000034
157,"[12, 83, 82, 33, 36, 15, 43, 87, 44, 22]",70.6,0.9720247632265092,3807.229794740677,12.96,2736.4900000000034
158,"[19, 81, 73, 60, 84, 57, 29, 90, 14, 89]",68.94,1.0524165970087052,3831.7411766052246,19.67,2756.1600000000035
159,"[65, 35, 70, 96, 75, 38, 55, 24, 76, 4]",70.16,0.9642920207977296,3857.598198890686,16.15,2772.3100000000036
160,"[72, 42, 58, 64, 56, 31, 49, 79, 68, 28]",70.91,0.9348644131422044,3883.4695007801056,26.23,2798.5400000000036
161,"[79, 10, 32, 48, 66, 41, 31, 77, 45, 68]",71.12,0.9116793251037598,3909.661197900772,26.2,2824.7400000000034
162,"[13, 7, 82, 46, 22, 37, 20, 15, 36, 83]",69.8,0.9950682508945464,3931.7686166763306,13.35,2838.0900000000033
163,"[64, 42, 71, 66, 68, 31, 58, 28, 48, 79]",71.61,0.9155046844482422,3957.007971763611,28.13,2866.2200000000034
164,"[99, 18, 74, 87, 82, 7, 37, 36, 12, 44]",70.25,1.0142671108245849,3979.3254272937775,13.27,2879.4900000000034
165,"[32, 72, 77, 48, 0, 58, 64, 49, 71, 17]",70.85,1.0071845883131028,4003.0790441036224,28.13,2907.6200000000035
166,"[68, 64, 10, 42, 45, 49, 77, 17, 58, 31]",70.66,0.972964178919792,4030.259239196777,26.23,2933.8500000000035
167,"[85, 34, 27, 54, 1, 62, 59, 39, 53, 88]",71.16,0.9476233392953872,4055.6143069267273,10.24,2944.0900000000033
168,"[27, 54, 59, 2, 97, 69, 25, 53, 93, 85]",70.86,0.98430432677269,4075.02117228508,10.57,2954.6600000000035
169,"[8, 1, 85, 34, 2, 93, 88, 86, 69, 50]",71.8,0.9278159767389298,4091.182440519333,10.88,2965.5400000000036
170,"[88, 50, 85, 34, 93, 25, 54, 86, 2, 59]",69.31,1.069600075483322,4109.157336235046,10.57,2976.1100000000038
171,"[53, 50, 34, 97, 8, 85, 86, 54, 2, 25]",70.67,0.991383420228958,4129.619425773621,10.88,2986.990000000004
172,"[23, 57, 26, 90, 98, 60, 89, 11, 40, 81]",72.13,0.929579138159752,4158.238140583038,19.67,3006.660000000004
173,"[33, 22, 43, 37, 7, 82, 74, 18, 36, 99]",71.87,0.9354729002714156,4184.562824964523,13.27,3019.930000000004
174,"[48, 79, 31, 42, 66, 72, 10, 77, 0, 32]",71.33,0.946978570818901,4206.359056949616,26.2,3046.1300000000037
175,"[71, 56, 68, 31, 28, 64, 42, 32, 41, 58]",71.13,0.9356629133224488,4235.426779985428,28.13,3074.260000000004
176,"[46, 15, 83, 37, 44, 7, 20, 36, 22, 16]",70.36,1.036876614689827,4261.739000558853,13.35,3087.6100000000038
177,"[98, 40, 52, 29, 19, 73, 67, 47, 23, 26]",71.04,0.9506418126821518,4286.337183713913,19.64,3107.2500000000036
178,"[89, 67, 11, 47, 80, 84, 14, 90, 23, 61]",71.0,0.9671535640954972,4309.268694162369,19.67,3126.9200000000037
179,"[79, 41, 72, 77, 56, 66, 58, 49, 71, 10]",70.76,1.0093449598550797,4331.900854349136,28.13,3155.050000000004
180,"[65, 96, 21, 95, 51, 55, 4, 30, 24, 78]",72.32,0.8986268299818039,4358.040349721909,16.11,3171.160000000004
181,"[14, 73, 57, 98, 90, 60, 89, 80, 23, 84]",71.3,1.000911585688591,4386.55544257164,19.67,3190.830000000004
182,"[33, 7, 18, 74, 15, 83, 36, 37, 87, 82]",71.52,0.9862789991497992,4410.41052365303,13.27,3204.100000000004
183,"[22, 83, 12, 82, 92, 7, 16, 44, 99, 15]",70.62,1.002420156598091,4436.25642991066,13.08,3217.180000000004
184,"[9, 35, 70, 38, 96, 63, 76, 51, 30, 55]",71.43,0.9486153864860536,4466.080489635468,16.11,3233.290000000004
185,"[90, 52, 57, 81, 61, 19, 47, 60, 84, 26]",72.53,0.903527704179287,4491.504067182541,19.67,3252.960000000004
186,"[18, 37, 7, 15, 36, 12, 44, 13, 16, 22]",71.0,0.9939172196388244,4517.27171254158,13.27,3266.230000000004
187,"[35, 78, 65, 9, 95, 76, 24, 3, 6, 4]",72.98,0.894035370349884,4544.293638467789,16.44,3282.670000000004
188,"[30, 51, 6, 4, 76, 5, 55, 78, 63, 75]",71.17,0.9725137692689896,4571.873836278915,16.15,3298.8200000000043
189,"[95, 65, 3, 96, 70, 6, 38, 30, 78, 75]",72.33,0.92486636698246,4597.86732339859,16.44,3315.2600000000043
190,"[59, 2, 85, 54, 25, 8, 39, 93, 34, 86]",71.47,0.9330615174770356,4622.106784105301,10.88,3326.1400000000044
191,"[65, 21, 76, 38, 55, 51, 6, 70, 75, 78]",72.4,0.908820577263832,4651.388223648071,16.15,3342.2900000000045
192,"[38, 9, 6, 4, 24, 51, 30, 5, 70, 63]",69.5,1.064281085729599,4680.465787887573,16.11,3358.4000000000046
193,"[87, 74, 33, 99, 16, 20, 13, 43, 83, 37]",72.02,0.9384754610061644,4707.7906329631805,12.56,3370.9600000000046
194,"[73, 84, 89, 61, 23, 29, 90, 47, 11, 80]",71.04,0.9571297520399094,4726.824103116989,19.67,3390.6300000000047
195,"[36, 82, 46, 13, 15, 44, 74, 92, 83, 33]",70.63,1.0010277712345124,4751.237059116364,13.35,3403.9800000000046
196,"[38, 3, 21, 35, 78, 95, 96, 4, 9, 51]",72.32,0.9269872260093688,4779.611090660095,16.44,3420.4200000000046
197,"[87, 36, 99, 74, 82, 33, 83, 43, 13, 92]",71.59,0.9794298166036606,4805.072293043137,13.08,3433.5000000000045
198,"[78, 51, 63, 21, 76, 65, 4, 70, 5, 3]",70.52,0.970590636730194,4833.577103853226,16.44,3449.9400000000046
199,"[87, 20, 74, 7, 83, 13, 22, 37, 92, 15]",72.43,0.949604794383049,4856.695006847382,13.08,3463.0200000000045
200,"[7, 44, 87, 20, 33, 22, 46, 16, 74, 12]",69.17,1.0747706085443496,4882.328659057617,13.35,3476.3700000000044
201,"[78, 4, 9, 6, 70, 63, 30, 21, 95, 96]",73.05,0.8927466094493866,4908.104072570801,16.11,3492.4800000000046
202,"[67, 19, 61, 90, 81, 57, 26, 80, 14, 52]",73.44,0.8533219620585442,4933.475384235382,19.67,3512.1500000000046
203,"[52, 57, 84, 98, 40, 47, 90, 11, 73, 61]",70.68,1.0113936775922776,4956.735329389572,19.67,3531.8200000000047
204,"[89, 98, 23, 14, 81, 61, 73, 57, 52, 29]",71.59,0.9693630838394164,4981.25074338913,19.63,3551.450000000005
205,"[60, 98, 29, 40, 52, 73, 47, 57, 19, 80]",71.21,0.9988919544219972,5005.26024055481,19.64,3571.0900000000047
206,"[97, 53, 86, 27, 94, 93, 69, 8, 1, 34]",72.81,0.9102579605579376,5025.913842439652,10.88,3581.970000000005
207,"[84, 57, 52, 29, 98, 40, 26, 73, 47, 90]",72.62,0.9166148090362548,5051.150899171829,19.67,3601.640000000005
208,"[40, 89, 11, 26, 80, 23, 61, 47, 57, 29]",71.67,0.9638728219270706,5071.780052423477,19.64,3621.2800000000047
209,"[89, 90, 84, 14, 98, 47, 11, 80, 26, 81]",72.01,0.979773063659668,5097.719695329666,19.67,3640.950000000005
210,"[30, 24, 63, 38, 65, 75, 5, 4, 9, 95]",72.24,0.9426633930206298,5127.6772582530975,16.15,3657.100000000005
211,"[7, 13, 33, 74, 12, 44, 22, 92, 15, 46]",70.7,1.0155406934022904,5152.983324766159,13.35,3670.450000000005
212,"[43, 18, 36, 12, 22, 83, 33, 99, 7, 92]",72.02,0.9575846898555757,5180.778039932251,13.27,3683.720000000005
213,"[15, 22, 37, 20, 46, 92, 74, 87, 12, 82]",70.51,1.0100262743234634,5205.167539596558,13.35,3697.0700000000047
214,"[52, 26, 61, 90, 67, 89, 19, 57, 23, 98]",72.83,0.9401448678970336,5234.447816133499,19.67,3716.740000000005
215,"[98, 73, 11, 90, 81, 89, 61, 14, 80, 29]",71.01,1.0617583578824996,5257.274313211441,19.67,3736.410000000005
216,"[21, 96, 63, 70, 76, 30, 55, 38, 35, 9]",72.94,0.9172237730026244,5287.307545661926,16.11,3752.520000000005
217,"[78, 5, 75, 55, 3, 96, 24, 21, 6, 63]",73.06,0.8908345884084702,5317.433582305908,16.44,3768.960000000005
218,"[22, 12, 82, 20, 83, 16, 46, 15, 13, 18]",70.85,0.9822945833206176,5342.364785194397,13.35,3782.310000000005
219,"[76, 38, 4, 30, 75, 24, 51, 3, 55, 65]",72.71,0.9013316774368286,5371.01490688324,16.44,3798.750000000005
220,"[88, 59, 53, 93, 1, 69, 91, 97, 8, 62]",72.67,0.9060180336236954,5394.896568059921,10.88,3809.630000000005
221,"[32, 48, 72, 77, 0, 49, 58, 45, 68, 66]",71.5,0.929503334760666,5419.189761161804,26.2,3835.830000000005
222,"[71, 41, 66, 64, 0, 56, 45, 68, 49, 28]",73.2,0.9006916075944901,5451.670919418335,28.13,3863.960000000005
223,"[50, 69, 27, 53, 1, 91, 25, 34, 59, 54]",71.0,1.0113719403743744,5473.28694486618,10.24,3874.200000000005
224,"[45, 79, 68, 66, 64, 56, 72, 48, 77, 10]",71.78,1.0050001788139342,5501.674479722977,26.23,3900.430000000005
225,"[71, 72, 42, 79, 45, 32, 64, 66, 58, 17]",72.02,0.9695765727758408,5528.655091285706,28.13,3928.560000000005
226,"[87, 33, 16, 36, 15, 20, 46, 44, 18, 12]",70.15,1.0487091600894929,5554.118250608444,13.35,3941.910000000005
227,"[8, 86, 88, 39, 1, 97, 27, 34, 2, 85]",68.82,1.0880716735124587,5577.7870926857,10.88,3952.790000000005
228,"[71, 0, 66, 58, 31, 72, 32, 45, 41, 17]",70.59,1.0413497883081435,5602.747958660126,28.13,3980.920000000005
229,"[21, 5, 35, 63, 30, 95, 70, 55, 24, 38]",73.05,0.9127457714080812,5633.732092618942,16.11,3997.030000000005
230,"[86, 1, 50, 27, 69, 88, 54, 85, 39, 25]",68.99,1.1273339170217511,5658.121067047119,10.24,4007.270000000005
231,"[53, 85, 54, 25, 93, 88, 2, 86, 59, 8]",72.57,0.9397302794456482,5682.728350400925,10.88,4018.150000000005
232,"[49, 45, 10, 58, 71, 64, 66, 41, 28, 32]",71.98,0.9798052883148194,5711.463287353516,28.13,4046.280000000005
233,"[10, 45, 42, 64, 32, 49, 0, 79, 66, 28]",71.7,1.006129614710808,5742.022476673126,26.23,4072.510000000005
234,"[41, 64, 48, 0, 79, 28, 56, 45, 77, 66]",71.91,1.0231440299749377,5773.345947742462,26.23,4098.740000000005
235,"[1, 97, 34, 59, 25, 85, 50, 27, 39, 62]",68.23,1.1435266840457916,5799.232555150986,10.24,4108.980000000005
236,"[69, 2, 88, 93, 50, 1, 97, 59, 94, 62]",71.65,0.9939755433797836,5816.230927467346,10.57,4119.550000000005
237,"[39, 1, 27, 8, 2, 91, 93, 69, 54, 86]",69.97,1.0531526231765749,5839.547770500183,10.88,4130.430000000005
238,"[16, 7, 12, 13, 36, 33, 37, 22, 83, 46]",70.3,1.0354600512981416,5866.602669239044,13.35,4143.780000000005
239,"[38, 5, 3, 76, 65, 75, 30, 70, 24, 51]",72.43,0.9241763180494308,5896.719367742538,16.44,4160.220000000005
240,"[78, 35, 3, 76, 6, 4, 96, 65, 95, 63]",72.76,0.9183497160673142,5923.066457986832,16.44,4176.660000000004
241,"[80, 60, 19, 81, 84, 11, 14, 61, 47, 98]",70.74,1.0244027942419052,5945.818972110748,19.21,4195.870000000004
242,"[45, 66, 79, 68, 49, 41, 0, 31, 56, 77]",72.1,0.9376185441017152,5975.332125425339,25.8,4221.670000000005
243,"[21, 24, 78, 51, 5, 6, 63, 38, 4, 70]",71.35,0.9812938749790192,6004.513638019562,15.88,4237.550000000005
244,"[89, 73, 26, 23, 84, 80, 67, 61, 52, 57]",72.57,0.9060488051176072,6027.375847816467,19.58,4257.130000000005
245,"[66, 45, 42, 58, 17, 71, 10, 41, 79, 68]",73.05,0.9003892719745636,6054.297434806824,28.13,4285.260000000005
246,"[5, 38, 51, 24, 95, 4, 70, 30, 3, 76]",72.55,0.9217088693380356,6083.3229558467865,16.44,4301.700000000004
247,"[52, 19, 89, 73, 40, 98, 80, 84, 11, 29]",71.49,0.985777975320816,6106.481192588806,19.64,4321.340000000005
248,"[8, 39, 93, 50, 86, 34, 2, 59, 97, 54]",70.87,0.9968195283412932,6127.996472358704,10.88,4332.220000000005
249,"[26, 29, 61, 67, 14, 84, 73, 19, 80, 47]",71.56,0.9387592476606368,6148.041123867035,19.63,4351.850000000005
250,"[83, 44, 87, 82, 16, 12, 36, 99, 20, 22]",70.77,1.0200409895181657,6174.87775850296,12.96,4364.810000000005
251,"[40, 29, 11, 89, 84, 26, 47, 14, 80, 61]",72.32,0.9346814396977424,6194.90162563324,19.64,4384.450000000005
252,"[43, 18, 22, 82, 83, 20, 12, 37, 44, 99]",73.55,0.912586327791214,6223.199588537216,13.27,4397.720000000006
253,"[36, 83, 74, 18, 15, 87, 12, 43, 7, 46]",71.53,1.012868274450302,6247.659968614578,13.35,4411.070000000006
254,"[55, 75, 65, 76, 35, 78, 95, 9, 24, 51]",73.12,0.9240150582790376,6276.843430995941,16.15,4427.220000000006
255,"[82, 22, 74, 15, 36, 46, 20, 83, 33, 87]",71.37,1.01248868227005,6300.660946846008,13.35,4440.570000000006
256,"[94, 59, 53, 25, 2, 69, 1, 85, 86, 88]",71.37,1.0445634281635283,6321.103574514389,10.27,4450.8400000000065
257,"[50, 59, 62, 54, 53, 88, 34, 93, 2, 91]",72.12,0.966589965224266,6341.903349637985,10.57,4461.410000000006
258,"[91, 97, 25, 94, 53, 27, 62, 2, 39, 54]",71.93,0.9899226528406144,6370.432281970978,10.27,4471.680000000007
259,"[11, 47, 67, 81, 80, 73, 84, 29, 19, 60]",70.61,1.0118243187665938,6391.85968542099,19.63,4491.310000000007
260,"[37, 43, 82, 16, 74, 46, 15, 33, 87, 12]",72.99,0.9346615660190584,6420.374552726746,13.35,4504.660000000007
261,"[37, 74, 20, 83, 46, 99, 16, 92, 12, 82]",72.79,0.9438022160530092,6447.492024183273,13.35,4518.0100000000075
262,"[9, 38, 96, 5, 3, 70, 63, 65, 4, 24]",71.39,1.0282986056804655,6478.314351797104,16.44,4534.450000000007
263,"[58, 28, 72, 49, 31, 79, 48, 32, 77, 42]",71.3,0.9452924233675004,6499.34090924263,26.2,4560.650000000007
264,"[94, 2, 86, 1, 59, 85, 25, 69, 88, 54]",70.94,1.035956434011459,6518.576059818268,10.27,4570.920000000007
265,"[28, 71, 66, 72, 0, 77, 45, 49, 58, 41]",72.36,0.9543980395793916,6541.896636962891,28.13,4599.0500000000075
266,"[14, 19, 11, 52, 80, 47, 67, 26, 23, 98]",73.13,0.903233188390732,6566.619187831879,19.58,4618.630000000007
267,"[50, 53, 39, 88, 69, 54, 85, 1, 2, 25]",71.81,0.9905815190076828,6590.739402770996,10.27,4628.900000000008
268,"[77, 48, 10, 31, 49, 64, 42, 72, 0, 17]",72.0,0.9889558321237564,6617.9465527534485,26.23,4655.130000000007
269,"[77, 10, 48, 64, 45, 41, 28, 56, 66, 17]",73.16,0.9507986509799956,6648.971577882767,26.23,4681.360000000007
270,"[43, 46, 16, 22, 37, 87, 15, 83, 92, 18]",73.11,0.9422079974412918,6673.710281848908,13.35,4694.710000000007
271,"[58, 48, 42, 72, 0, 71, 49, 64, 56, 66]",72.76,1.0068071538209915,6699.841247320175,28.13,4722.840000000007
272,"[99, 87, 44, 22, 83, 74, 20, 18, 37, 13]",73.78,0.9493659859895708,6723.521331548691,13.27,4736.110000000008
273,"[43, 87, 33, 36, 74, 15, 44, 16, 18, 82]",72.84,0.9747584024071694,6750.084019184113,13.27,4749.380000000008
274,"[51, 24, 30, 35, 38, 65, 70, 78, 9, 55]",73.47,0.9111140877008438,6778.163923501968,16.11,4765.490000000008
275,"[40, 14, 61, 84, 47, 73, 26, 90, 98, 23]",73.4,0.9175850176811218,6802.362757921219,19.67,4785.160000000008
276,"[4, 21, 78, 95, 30, 65, 9, 24, 96, 75]",73.07,0.9133211743831634,6828.42986035347,16.15,4801.310000000008
277,"[30, 76, 9, 75, 65, 35, 5, 51, 6, 55]",73.08,0.9298180347681044,6859.136964559555,16.15,4817.460000000007
278,"[63, 96, 65, 3, 51, 70, 24, 75, 78, 4]",71.14,1.0330437099933625,6885.1994099617,16.44,4833.900000000007
279,"[90, 61, 40, 60, 23, 47, 52, 67, 29, 98]",73.49,0.9233739948272706,6911.5953204631805,19.67,4853.570000000007
280,"[23, 47, 29, 19, 60, 40, 26, 98, 84, 67]",72.15,0.9934128668904304,6938.638180971146,19.64,4873.210000000007
281,"[13, 16, 18, 44, 7, 92, 83, 15, 99, 22]",72.92,0.9846604722738266,6963.321528434753,13.27,4886.480000000008
282,"[59, 88, 53, 34, 8, 69, 39, 97, 62, 86]",73.47,0.9173615729808808,6991.2625823020935,10.88,4897.360000000008
283,"[15, 82, 74, 18, 20, 43, 83, 99, 37, 12]",73.35,0.9677741646766662,7019.11638045311,13.27,4910.630000000008
284,"[12, 13, 82, 22, 36, 33, 20, 18, 15, 74]",70.9,1.065643671154976,7044.272071361542,13.27,4923.900000000009
285,"[44, 74, 37, 43, 22, 7, 12, 18, 33, 83]",73.08,0.9817793822288512,7073.657783269882,13.27,4937.170000000009
286,"[92, 18, 74, 13, 33, 12, 16, 15, 82, 43]",71.92,1.0401516878604888,7102.76541352272,13.27,4950.44000000001
287,"[77, 72, 56, 58, 0, 42, 49, 48, 10, 71]",72.86,0.9356987315416336,7123.495651006699,28.13,4978.57000000001
288,"[34, 27, 59, 1, 62, 69, 86, 93, 54, 97]",71.98,0.9869022101163863,7143.993282318115,10.57,4989.140000000009
289,"[3, 6, 5, 51, 24, 75, 96, 35, 70, 78]",71.56,0.9982429069280624,7171.948255777359,16.44,5005.580000000009
290,"[30, 6, 35, 78, 75, 76, 4, 38, 63, 70]",73.09,0.9517374032735824,7197.267372131348,16.15,5021.730000000009
291,"[77, 71, 49, 66, 0, 32, 45, 42, 64, 10]",73.74,0.920667182803154,7226.426157236099,28.13,5049.860000000009
292,"[85, 59, 62, 34, 91, 50, 39, 54, 25, 1]",71.88,1.0068474626541135,7252.00735616684,9.61,5059.470000000008
293,"[66, 77, 56, 28, 68, 49, 45, 79, 10, 31]",73.34,0.9126819643378258,7278.351597070694,25.8,5085.270000000009
294,"[17, 77, 32, 64, 42, 28, 10, 71, 66, 68]",74.12,0.8691126364469528,7308.114094257355,28.13,5113.400000000009
295,"[0, 77, 48, 58, 56, 42, 10, 64, 71, 66]",72.94,0.989851697087288,7334.673160552978,28.13,5141.530000000009
296,"[38, 24, 4, 63, 65, 30, 55, 9, 35, 6]",74.46,0.8847447496652603,7363.938988685608,16.11,5157.6400000000085
297,"[4, 65, 95, 24, 96, 30, 5, 3, 38, 21]",73.87,0.8900612419843674,7393.020107507706,16.44,5174.080000000008
298,"[55, 21, 70, 63, 38, 51, 3, 78, 4, 35]",73.58,0.9347810220718384,7422.053114891052,16.44,5190.520000000008
299,"[85, 25, 8, 94, 50, 86, 54, 97, 59, 62]",73.62,0.9281718027591704,7444.812620639801,10.88,5201.400000000008
300,"[61, 84, 89, 73, 40, 11, 98, 26, 90, 14]",73.05,0.9867639607191084,7469.597517967224,19.67,5221.070000000008
301,"[93, 39, 85, 53, 88, 94, 27, 69, 54, 1]",71.94,0.9901771011948586,7493.162153482437,10.57,5231.640000000008
302,"[40, 67, 29, 89, 60, 98, 14, 52, 81, 26]",74.62,0.8897897881269455,7521.04402756691,19.64,5251.280000000008
303,"[19, 57, 26, 61, 11, 84, 23, 81, 29, 52]",72.05,0.9606449729204178,7543.604500293732,19.63,5270.910000000008
304,"[11, 26, 73, 57, 52, 19, 14, 61, 67, 47]",71.39,0.9881083405017852,7565.156742334366,19.21,5290.120000000008
305,"[23, 26, 29, 80, 98, 61, 73, 47, 19, 84]",72.42,0.9663772046566008,7587.478144645691,19.63,5309.750000000008
306,"[65, 70, 96, 95, 78, 5, 38, 51, 35, 21]",73.37,0.927344908118248,7616.478538513184,15.8,5325.550000000008
307,"[0, 42, 28, 41, 17, 31, 66, 79, 49, 32]",71.26,1.0107383346557617,7643.886321544647,25.8,5351.350000000009
308,"[48, 64, 58, 68, 32, 10, 71, 0, 42, 72]",72.79,0.9582435947656632,7671.026856422424,28.13,5379.480000000009
309,"[44, 7, 87, 12, 22, 74, 18, 43, 83, 92]",73.29,0.9316223818063736,7696.74719619751,13.27,5392.750000000009
310,"[7, 87, 15, 33, 83, 20, 16, 99, 37, 13]",72.49,1.0116577696800233,7721.042139530182,12.56,5405.3100000000095
311,"[22, 16, 83, 92, 33, 74, 7, 12, 87, 44]",72.51,1.0054763728380205,7747.75861620903,13.08,5418.390000000009
312,"[17, 42, 41, 56, 58, 49, 77, 68, 28, 79]",73.76,0.8701388645172119,7774.811999082565,25.8,5444.19000000001
313,"[2, 94, 25, 39, 53, 85, 34, 93, 8, 59]",73.51,0.911607980132103,7799.888903617859,10.88,5455.07000000001
314,"[35, 6, 51, 55, 21, 38, 9, 3, 30, 70]",74.74,0.8567330303788185,7830.78054690361,16.44,5471.510000000009
315,"[10, 49, 77, 41, 56, 45, 68, 79, 58, 31]",72.18,0.9633305728435516,7856.781397342682,25.8,5497.3100000000095
316,"[49, 45, 79, 42, 0, 72, 10, 68, 31, 56]",73.02,0.9376695126295088,7883.239082574844,25.8,5523.11000000001
317,"[87, 83, 13, 15, 82, 33, 22, 92, 74, 16]",73.37,0.9404770845174788,7907.212354183197,13.08,5536.19000000001
318,"[97, 62, 54, 59, 50, 88, 69, 94, 8, 34]",72.61,0.974160842895508,7927.150747299194,10.88,5547.07000000001
319,"[93, 53, 94, 54, 86, 85, 88, 59, 25, 34]",72.38,1.0431021273136138,7949.116585254669,10.57,5557.640000000009
320,"[92, 13, 22, 15, 7, 82, 18, 37, 44, 12]",74.03,0.9375209319591522,7973.7655556201935,13.27,5570.91000000001
321,"[98, 60, 61, 11, 67, 26, 29, 47, 73, 84]",72.94,0.9507445257902144,7996.642322540283,19.63,5590.54000000001
322,"[86, 94, 8, 93, 25, 39, 34, 1, 97, 91]",72.67,0.9597846591472624,8020.162924289703,10.88,5601.42000000001
323,"[39, 97, 1, 88, 8, 27, 50, 34, 86, 93]",71.26,1.0368877881765366,8043.189819812775,10.88,5612.30000000001
324,"[61, 29, 23, 81, 40, 11, 73, 47, 89, 26]",72.33,0.958597892522812,8063.156267404556,19.64,5631.9400000000105
325,"[80, 52, 29, 67, 26, 90, 98, 84, 81, 11]",74.01,0.8795243918895721,8087.999249696732,19.67,5651.610000000011
326,"[80, 52, 47, 98, 57, 14, 26, 90, 81, 23]",74.2,0.8985188898444175,8115.711606502533,19.67,5671.280000000011
327,"[40, 98, 26, 89, 11, 73, 81, 29, 60, 19]",73.74,0.9343290477991104,8140.552600622177,19.64,5690.920000000011
328,"[95, 30, 24, 78, 5, 3, 63, 35, 38, 6]",73.4,0.932552027106285,8168.381841182709,16.44,5707.360000000011
329,"[9, 70, 63, 35, 76, 30, 3, 5, 65, 95]",73.09,0.9562943041324616,8197.545072317123,16.44,5723.80000000001
330,"[96, 63, 5, 3, 6, 9, 65, 38, 30, 75]",72.64,0.9832332450151444,8228.365099668503,16.44,5740.24000000001
331,"[35, 6, 21, 65, 9, 55, 24, 95, 63, 78]",74.56,0.896847580075264,8257.897759437561,16.03,5756.2700000000095
332,"[52, 61, 84, 60, 57, 98, 14, 29, 73, 89]",73.21,0.9800611650943756,8283.432784557343,19.63,5775.90000000001
333,"[34, 2, 53, 69, 94, 86, 62, 39, 50, 54]",72.53,1.0062607663869858,8305.820578336716,10.27,5786.17000000001
334,"[38, 5, 30, 63, 4, 6, 78, 75, 51, 95]",73.6,0.9584634464979171,8333.8206012249,16.15,5802.32000000001
335,"[70, 21, 51, 3, 78, 96, 75, 30, 55, 9]",73.76,0.9347361767292024,8361.786589384079,16.44,5818.760000000009
336,"[11, 19, 89, 47, 57, 84, 29, 90, 80, 26]",73.02,0.9461861234903336,8385.575611114502,19.67,5838.430000000009
337,"[54, 1, 53, 97, 39, 69, 85, 93, 59, 2]",71.02,1.0275770634412766,8407.877446889877,10.57,5849.000000000009
338,"[60, 67, 61, 57, 11, 19, 81, 47, 84, 14]",70.83,1.0642817360162735,8431.124173641205,19.21,5868.210000000009
339,"[60, 90, 84, 81, 26, 98, 57, 14, 80, 23]",73.63,0.971524248123169,8460.585951566696,19.67,5887.880000000009
340,"[6, 65, 70, 30, 5, 78, 63, 75, 55, 3]",73.95,0.9425222009420396,8488.60540485382,16.44,5904.320000000009
341,"[11, 57, 23, 60, 89, 14, 61, 98, 81, 84]",72.22,1.0670285934209824,8514.885249376297,19.58,5923.900000000009
342,"[50, 94, 25, 69, 34, 2, 1, 86, 93, 97]",71.06,1.0847116166353226,8531.178089380264,10.57,5934.470000000008
343,"[6, 95, 35, 5, 63, 70, 4, 9, 76, 21]",74.35,0.9081182545423508,8561.602853536606,16.03,5950.500000000008
344,"[2, 97, 91, 93, 69, 88, 27, 25, 62, 86]",73.54,0.950200651884079,8583.719662189484,10.57,5961.070000000008
345,"[97, 1, 39, 86, 53, 93, 62, 2, 85, 8]",73.09,0.9820156186819076,8609.99974989891,10.88,5971.950000000008
346,"[82, 44, 12, 87, 33, 46, 43, 15, 36, 13]",71.45,1.041703855395317,8634.98434472084,13.35,5985.300000000008
347,"[92, 13, 22, 82, 12, 15, 74, 46, 7, 16]",72.12,0.9797656321525574,8660.212303876877,13.35,5998.650000000009
348,"[74, 46, 20, 44, 15, 33, 87, 99, 43, 36]",72.33,1.0211477905511857,8685.702825307846,13.35,6012.000000000009
349,"[20, 82, 92, 7, 99, 74, 44, 83, 22, 16]",73.37,0.963467446565628,8711.897911071777,13.08,6025.080000000009
350,"[7, 92, 33, 20, 82, 46, 87, 43, 36, 16]",72.87,0.9951345902681352,8738.539744615555,13.35,6038.430000000009
351,"[39, 34, 94, 62, 25, 97, 86, 91, 50, 85]",70.77,1.068376568555832,8762.050072193146,9.94,6048.370000000009
352,"[89, 81, 60, 11, 29, 57, 14, 90, 47, 98]",73.16,1.0079708695411682,8790.232580661774,19.67,6068.040000000009
353,"[88, 54, 59, 50, 8, 2, 1, 53, 91, 93]",73.85,0.9500026497244836,8811.275221586227,10.88,6078.920000000009
354,"[94, 88, 27, 34, 93, 59, 97, 85, 1, 39]",69.57,1.1250135970115662,8831.88792681694,10.57,6089.490000000009
355,"[25, 27, 59, 1, 86, 94, 97, 34, 54, 53]",72.26,1.031885839998722,8852.589894294739,10.24,6099.730000000009
356,"[47, 81, 40, 14, 60, 61, 26, 52, 29, 73]",73.83,0.9173425334692,8873.738946676254,19.64,6119.370000000009
357,"[86, 59, 53, 50, 54, 25, 94, 91, 88, 85]",72.41,1.033793825507164,8895.07476234436,9.94,6129.310000000009
358,"[26, 14, 84, 40, 90, 52, 98, 89, 11, 80]",74.07,0.964337620139122,8921.550939559937,19.67,6148.980000000009
359,"[40, 98, 81, 23, 80, 57, 29, 73, 47, 60]",72.94,1.025733599960804,8946.028725862503,19.64,6168.620000000009
360,"[20, 82, 83, 15, 44, 13, 74, 99, 37, 12]",73.42,0.9869147801399232,8971.768040418625,12.96,6181.580000000009
361,"[87, 43, 15, 92, 37, 22, 13, 44, 83, 16]",73.69,0.9626242607831956,8997.835644483566,13.08,6194.660000000009
362,"[92, 37, 7, 12, 36, 44, 16, 99, 13, 33]",72.88,1.010382974743843,9025.982570409777,13.08,6207.740000000009
363,"[17, 42, 71, 0, 72, 31, 41, 49, 28, 10]",72.07,1.0003457391262054,9049.922709703444,28.13,6235.870000000009
364,"[45, 31, 66, 49, 77, 17, 41, 79, 10, 56]",73.01,0.9772365868091584,9076.321845769882,25.8,6261.670000000009
365,"[68, 77, 41, 79, 66, 42, 28, 10, 31, 72]",73.58,0.8957400023937225,9102.199142932892,25.8,6287.470000000009
366,"[75, 76, 35, 63, 96, 9, 21, 78, 55, 6]",74.57,0.8946251839399337,9131.193839788437,16.15,6303.620000000009
367,"[42, 68, 49, 58, 77, 41, 45, 0, 72, 31]",73.15,0.9127646577358246,9156.95662164688,25.55,6329.170000000009
368,"[7, 16, 13, 83, 44, 92, 43, 74, 99, 22]",73.55,0.96906874448061,9185.351440191267,13.08,6342.250000000009
369,"[43, 83, 15, 18, 99, 36, 74, 44, 82, 33]",72.91,1.0296267467737197,9211.93914413452,13.27,6355.5200000000095
370,"[72, 31, 10, 42, 66, 64, 32, 41, 56, 48]",73.7,0.973349546790123,9241.13740491867,26.23,6381.750000000009
371,"[9, 76, 38, 24, 78, 51, 55, 96, 3, 95]",74.62,0.8902995219826698,9270.251875162125,16.44,6398.190000000009
372,"[96, 70, 21, 75, 63, 76, 51, 35, 9, 65]",73.73,0.9424028927087784,9299.831851005554,16.15,6414.340000000008
373,"[55, 6, 95, 65, 24, 21, 35, 76, 51, 75]",74.92,0.9141789528727532,9329.75860762596,16.15,6430.490000000008
374,"[55, 21, 63, 65, 5, 76, 51, 96, 35, 9]",73.37,0.9900573885440828,9361.382233142853,16.03,6446.520000000008
375,"[28, 0, 45, 17, 64, 42, 10, 77, 56, 41]",73.61,0.9754410117864608,9392.60789489746,26.23,6472.750000000007
376,"[13, 99, 18, 83, 7, 12, 15, 36, 20, 16]",72.32,1.0610710287094116,9418.014247179031,13.27,6486.020000000008
377,"[38, 4, 35, 75, 76, 9, 63, 55, 65, 6]",74.56,0.9114960932731628,9447.58439707756,16.15,6502.170000000007
378,"[10, 79, 58, 17, 0, 45, 32, 56, 48, 49]",73.32,0.9940051984786988,9472.08831501007,26.2,6528.370000000007
379,"[22, 87, 44, 33, 20, 7, 82, 12, 13, 15]",72.1,1.0491970527172088,9495.315014123917,12.96,6541.330000000007
380,"[14, 60, 47, 80, 61, 29, 89, 73, 19, 81]",72.29,0.9876258724927902,9516.299017906187,19.63,6560.960000000007
381,"[89, 81, 14, 29, 47, 61, 26, 73, 98, 60]",73.96,0.9559476697444916,9540.510300397871,19.63,6580.590000000007
382,"[14, 40, 73, 98, 89, 57, 81, 19, 61, 23]",72.64,1.0391526240110398,9565.279020786284,19.64,6600.230000000008
383,"[64, 17, 32, 66, 10, 28, 0, 58, 49, 79]",73.55,0.9690269723534584,9593.877833604813,26.23,6626.460000000007
384,"[56, 45, 31, 77, 48, 41, 72, 68, 17, 49]",73.74,0.934492449760437,9620.941075086594,26.2,6652.660000000007
385,"[86, 91, 85, 69, 50, 54, 59, 34, 25, 93]",72.45,1.0463873252272606,9639.514944553375,10.57,6663.230000000007
386,"[91, 50, 93, 62, 59, 1, 54, 86, 85, 69]",73.64,0.9763016468286514,9656.975626945496,10.57,6673.800000000007
387,"[93, 62, 85, 97, 2, 34, 25, 59, 69, 86]",72.63,1.0281106734275818,9677.018182754517,10.57,6684.370000000006
388,"[61, 84, 89, 98, 14, 40, 19, 57, 67, 11]",72.2,1.0577456974983217,9702.504623889923,19.64,6704.010000000007
389,"[97, 50, 54, 91, 53, 94, 86, 8, 27, 34]",74.66,0.9271562778949738,9723.14006614685,10.88,6714.890000000007
390,"[90, 84, 14, 81, 61, 57, 89, 98, 80, 23]",73.64,0.9927991616725922,9750.310863733292,19.67,6734.560000000007
391,"[95, 5, 78, 65, 75, 96, 51, 63, 70, 3]",73.07,1.0272765189409256,9778.494604825974,16.44,6751.000000000006
392,"[77, 32, 49, 41, 17, 45, 10, 58, 64, 28]",73.77,0.9467432194948197,9807.405086517334,26.23,6777.230000000006
393,"[54, 94, 86, 53, 59, 88, 69, 1, 39, 97]",73.27,0.9972487372159958,9829.04468202591,9.94,6787.1700000000055
394,"[96, 78, 21, 65, 76, 63, 51, 75, 30, 4]",72.91,1.0103502404689788,9854.324304819109,16.15,6803.320000000005
395,"[82, 33, 13, 20, 92, 87, 74, 99, 36, 22]",73.7,0.9762809032201768,9878.11908006668,13.08,6816.400000000005
396,"[3, 4, 51, 35, 78, 38, 55, 65, 30, 76]",74.96,0.9251941442489624,9905.191972255709,16.44,6832.840000000005
397,"[5, 55, 75, 35, 24, 3, 63, 9, 70, 76]",73.54,0.9797504216432572,9935.741088151932,16.44,6849.280000000004
398,"[74, 20, 92, 22, 7, 12, 13, 83, 43, 46]",74.08,0.9599816077947616,9961.323437690737,13.35,6862.630000000005
399,"[15, 22, 43, 16, 12, 44, 82, 33, 7, 74]",73.41,1.0109971129894255,9991.201009273527,12.96,6875.590000000005
400,"[45, 41, 72, 0, 71, 58, 42, 66, 31, 28]",73.02,0.9710757929086684,10014.939461708069,28.13,6903.720000000005
401,"[2, 53, 54, 59, 93, 8, 34, 39, 91, 50]",74.65,0.9113668030500413,10039.003556728365,10.88,6914.600000000005
402,"[52, 90, 47, 14, 29, 19, 60, 57, 98, 84]",73.81,1.0123417049646375,10066.843018054962,19.67,6934.270000000005
403,"[16, 82, 87, 36, 37, 99, 12, 43, 83, 20]",72.44,1.0464507722854617,10094.402946472168,12.56,6946.830000000005
404,"[2, 86, 39, 93, 97, 1, 69, 59, 91, 88]",70.46,1.1432128793001175,10114.847802400587,10.57,6957.400000000005
405,"[93, 27, 50, 62, 25, 34, 86, 8, 53, 94]",75.29,0.920475959777832,10139.916702985764,10.88,6968.280000000005
406,"[31, 28, 77, 64, 10, 79, 42, 48, 72, 66]",74.78,0.9510857248306276,10165.495273590088,26.23,6994.510000000005
407,"[5, 65, 75, 6, 9, 24, 78, 63, 21, 96]",73.25,0.9542358684539796,10194.83757019043,16.15,7010.660000000004
408,"[17, 64, 79, 28, 41, 10, 77, 48, 72, 32]",73.51,0.9705233269929886,10222.49646615982,26.23,7036.890000000004
409,"[93, 62, 8, 2, 97, 94, 88, 54, 69, 50]",73.42,1.0252233827114106,10241.552876710892,10.88,7047.770000000004
410,"[20, 22, 18, 74, 13, 7, 43, 82, 15, 87]",71.84,1.113380338549614,10263.947620868685,13.27,7061.0400000000045
411,"[73, 80, 90, 84, 14, 60, 98, 61, 11, 89]",73.07,1.0771663093566894,10288.490155696869,19.67,7080.710000000005
412,"[17, 42, 72, 48, 49, 28, 58, 32, 64, 31]",72.74,1.0362768214941025,10314.495681285858,26.23,7106.940000000004
413,"[37, 7, 15, 83, 33, 18, 87, 43, 92, 22]",74.16,0.937309746146202,10339.401670694351,13.27,7120.210000000005
414,"[57, 67, 52, 40, 26, 98, 14, 73, 47, 89]",74.48,0.9295500993728638,10366.459250450134,19.64,7139.850000000005
415,"[31, 79, 56, 77, 72, 32, 49, 10, 64, 28]",74.38,0.973647073507309,10392.959947824478,26.23,7166.0800000000045
416,"[40, 60, 89, 67, 23, 26, 90, 81, 52, 14]",74.99,0.9032501044869424,10421.04108285904,19.67,7185.750000000005
417,"[74, 87, 43, 99, 18, 36, 37, 44, 92, 33]",74.0,0.9677868616580964,10447.141285419464,13.27,7199.020000000005
418,"[62, 91, 39, 59, 86, 97, 2, 34, 94, 25]",71.54,1.0840810233354568,10469.287840604782,10.27,7209.290000000005
419,"[29, 98, 40, 89, 47, 90, 26, 52, 80, 11]",74.53,0.961369006037712,10494.739111661913,19.67,7228.9600000000055
420,"[51, 6, 76, 78, 55, 35, 70, 5, 21, 75]",75.16,0.9119189387559892,10523.560754299164,16.15,7245.110000000005
421,"[55, 24, 35, 9, 51, 30, 6, 21, 5, 4]",75.42,0.9153502348065377,10553.513726234436,16.11,7261.220000000005
422,"[4, 63, 78, 51, 96, 75, 38, 6, 21, 5]",72.99,1.0237467563152314,10582.275069713593,16.15,7277.370000000004
423,"[24, 35, 6, 95, 21, 63, 70, 96, 4, 5]",73.86,0.959626371860504,10610.622247695925,15.88,7293.250000000005
424,"[71, 0, 41, 17, 32, 49, 42, 72, 64, 66]",73.74,0.9838610696792602,10640.397157907486,28.13,7321.380000000005
425,"[38, 70, 4, 65, 5, 63, 30, 78, 21, 95]",74.44,0.9462372159957886,10667.29107952118,16.11,7337.490000000004
426,"[38, 55, 63, 9, 96, 21, 51, 6, 3, 75]",75.43,0.9101594561338424,10700.28050327301,16.44,7353.930000000004
427,"[5, 63, 51, 4, 38, 75, 55, 35, 6, 30]",73.83,0.9981588730216028,10730.500784873962,16.15,7370.080000000004
428,"[75, 3, 55, 5, 96, 9, 24, 21, 4, 6]",74.75,0.9341109293699263,10761.058486938477,16.44,7386.520000000003
429,"[95, 9, 38, 78, 75, 63, 76, 96, 65, 21]",74.29,0.9822039604187012,10790.760441541672,16.15,7402.670000000003
430,"[56, 42, 77, 58, 32, 41, 45, 66, 10, 71]",73.61,0.9364253094792366,10815.685067415236,28.13,7430.800000000003
431,"[95, 24, 38, 21, 70, 96, 51, 5, 30, 3]",74.24,0.9602929896116256,10846.584567785265,16.44,7447.2400000000025
432,"[3, 65, 4, 55, 70, 35, 5, 9, 24, 63]",73.44,0.9958950394392012,10877.710359811785,16.44,7463.680000000002
433,"[35, 76, 63, 30, 55, 78, 4, 38, 96, 65]",73.91,0.9852384144067764,10903.846959590912,16.11,7479.790000000002
434,"[5, 78, 65, 4, 3, 9, 30, 75, 21, 51]",74.31,0.9571517315506936,10931.382938146591,16.44,7496.230000000001
435,"[51, 21, 24, 55, 78, 38, 6, 65, 96, 76]",73.81,0.9597675061225892,10960.692049741743,15.8,7512.030000000002
436,"[46, 36, 18, 20, 92, 37, 43, 12, 44, 99]",74.34,0.9537908470630646,10988.61981534958,13.35,7525.380000000002
437,"[55, 95, 51, 5, 3, 30, 9, 21, 35, 70]",74.34,0.975014426112175,11019.25323820114,16.44,7541.8200000000015
438,"[96, 95, 38, 63, 70, 55, 24, 30, 9, 65]",74.36,1.0042743104696277,11048.61512708664,16.11,7557.930000000001
439,"[65, 76, 38, 30, 21, 95, 24, 9, 35, 78]",74.31,0.9535916763544082,11076.223775863647,16.11,7574.040000000001
440,"[36, 7, 33, 22, 87, 20, 16, 82, 43, 12]",72.7,1.040391901731491,11104.254702329636,12.88,7586.920000000001
441,"[36, 7, 33, 22, 87, 20, 16, 82, 43, 12]",73.55,0.9766920226812362,11125.218925714493,12.88,7599.800000000001
442,"[1, 53, 88, 8, 27, 85, 86, 25, 91, 59]",74.21,0.9562380141019822,11150.32192993164,10.88,7610.680000000001
443,"[16, 36, 83, 20, 46, 99, 7, 37, 87, 82]",73.77,1.0001409447193146,11174.116589546204,13.35,7624.030000000002
444,"[10, 17, 72, 28, 41, 42, 49, 66, 48, 32]",72.91,1.0151387631893158,11200.258167743685,26.2,7650.230000000001
445,"[7, 36, 16, 44, 92, 46, 74, 20, 18, 37]",74.35,0.9512524193525316,11225.875163078308,13.35,7663.580000000002
446,"[67, 90, 47, 23, 40, 89, 98, 61, 11, 57]",73.8,0.9886580035090446,11251.82016301155,19.67,7683.250000000002
447,"[74, 92, 22, 43, 18, 13, 16, 12, 20, 33]",73.66,0.9952393835783004,11280.352193117142,13.27,7696.520000000002
448,"[77, 41, 45, 66, 71, 0, 49, 31, 32, 68]",74.04,0.9396929475665092,11308.441908836365,28.13,7724.650000000002
449,"[49, 58, 68, 72, 71, 64, 17, 31, 77, 28]",74.89,0.922651251256466,11334.33035993576,28.13,7752.7800000000025
450,"[97, 59, 85, 94, 62, 1, 27, 53, 91, 93]",74.9,0.936912351846695,11355.380781888962,10.57,7763.350000000002
451,"[50, 54, 85, 59, 25, 97, 8, 27, 1, 93]",74.37,0.9611023703217506,11376.306556224825,10.88,7774.230000000002
452,"[85, 54, 62, 53, 27, 39, 50, 69, 59, 25]",72.89,1.0489967060089112,11404.529464960098,10.24,7784.470000000002
453,"[26, 89, 81, 11, 80, 90, 57, 61, 67, 19]",74.32,0.93179543197155,11428.636312961578,19.67,7804.140000000002
454,"[61, 40, 52, 89, 73, 90, 23, 19, 60, 84]",73.4,0.977233077287674,11453.302334308624,19.67,7823.810000000002
455,"[63, 4, 75, 70, 35, 96, 51, 76, 3, 5]",72.8,1.0690632385015488,11482.26382780075,16.44,7840.250000000002
456,"[42, 17, 79, 58, 71, 49, 68, 32, 0, 72]",74.35,0.888446755707264,11506.469852685928,28.13,7868.380000000002
457,"[62, 94, 39, 86, 59, 85, 25, 93, 69, 34]",73.03,0.992573254108429,11529.49855875969,10.57,7878.950000000002
458,"[29, 80, 60, 89, 61, 26, 14, 57, 40, 52]",74.55,0.9341611266136168,11553.53895330429,19.64,7898.590000000002
459,"[84, 14, 90, 47, 80, 23, 81, 52, 29, 67]",74.24,0.9363230496644974,11577.309930324554,19.67,7918.260000000002
460,"[6, 96, 65, 21, 9, 3, 38, 75, 76, 4]",75.26,0.901129325926304,11606.977705001833,16.44,7934.700000000002
461,"[25, 85, 62, 86, 91, 1, 69, 94, 27, 88]",74.26,0.9898078870773316,11629.33843922615,10.24,7944.940000000001
462,"[2, 91, 34, 97, 69, 85, 25, 39, 54, 59]",70.87,1.138282082080841,11651.654436349869,10.27,7955.210000000002
463,"[80, 14, 52, 84, 61, 98, 23, 89, 29, 40]",74.4,0.9671840918064116,11675.880777835846,19.64,7974.850000000002
464,"[70, 3, 96, 51, 5, 78, 35, 4, 63, 24]",71.65,1.130352932214737,11703.152289390564,16.44,7991.290000000002
465,"[44, 87, 16, 74, 13, 37, 82, 18, 20, 43]",73.86,0.9806778448820114,11728.372987031937,13.27,8004.560000000002
466,"[70, 24, 55, 30, 3, 21, 35, 9, 4, 96]",75.19,0.919392426609993,11755.59768986702,16.44,8021.000000000002
467,"[69, 85, 62, 94, 1, 25, 93, 27, 97, 86]",74.17,1.002025911808014,11775.713910341265,10.57,8031.5700000000015
468,"[21, 3, 9, 63, 4, 51, 24, 95, 75, 35]",74.48,0.969215503036976,11804.494480371475,16.44,8048.010000000001
469,"[36, 18, 22, 44, 13, 87, 15, 82, 83, 20]",74.53,0.9842756175994872,11825.419677495956,13.27,8061.280000000002
470,"[81, 73, 84, 23, 40, 67, 19, 98, 90, 11]",74.1,0.9850132876634596,11851.533026456833,19.67,8080.950000000002
471,"[20, 33, 15, 83, 7, 82, 43, 92, 87, 99]",73.96,0.9952453976869584,11876.883488178251,13.08,8094.030000000002
472,"[38, 30, 5, 55, 9, 70, 3, 95, 63, 75]",74.04,1.0036126780509949,11908.743607997894,16.44,8110.470000000001
473,"[59, 50, 54, 27, 85, 8, 1, 53, 2, 88]",75.17,0.9496643316745758,11930.464090824127,10.88,8121.350000000001
474,"[86, 93, 94, 97, 2, 53, 91, 88, 1, 8]",74.06,0.9988552820682526,11950.72547531128,10.88,8132.230000000001
475,"[20, 7, 74, 92, 43, 18, 46, 36, 82, 83]",74.5,0.9802971762418748,11976.11511850357,13.35,8145.580000000002
476,"[24, 63, 76, 38, 55, 6, 3, 51, 78, 96]",75.13,0.9360168042778968,12004.8498544693,16.44,8162.020000000001
477,"[81, 29, 14, 73, 40, 47, 23, 26, 98, 11]",75.06,0.9537261253595352,12027.966493606567,19.64,8181.660000000002
478,"[74, 20, 18, 36, 33, 99, 12, 44, 87, 7]",73.91,1.0021151250600815,12052.499512434006,13.27,8194.930000000002
479,"[67, 52, 14, 98, 90, 73, 23, 81, 11, 29]",74.84,0.971868262887001,12077.507493972778,19.67,8214.600000000002
480,"[56, 77, 71, 48, 41, 10, 17, 68, 66, 49]",73.19,0.9982679605484008,12104.68205165863,28.13,8242.730000000001
481,"[49, 66, 56, 71, 17, 48, 58, 32, 77, 45]",73.58,0.96686656832695,12128.309558391573,28.13,8270.86
482,"[11, 84, 80, 19, 61, 73, 23, 47, 89, 29]",72.64,1.0106852358579637,12147.43637895584,19.63,8290.49
483,"[42, 79, 58, 56, 77, 0, 49, 45, 10, 28]",74.14,0.9572576266527176,12171.222853660583,25.8,8316.289999999999
484,"[48, 0, 77, 32, 58, 68, 41, 42, 56, 79]",73.86,0.9156281322240828,12198.354798078535,26.2,8342.49
485,"[32, 72, 10, 79, 45, 49, 28, 0, 42, 17]",72.03,1.0201879578828812,12223.283170938492,25.8,8368.289999999999
486,"[41, 32, 68, 58, 79, 17, 42, 56, 10, 31]",73.86,0.9116916215419768,12250.212889909744,25.8,8394.089999999998
487,"[0, 49, 48, 72, 17, 68, 64, 71, 56, 28]",74.68,0.925837239921093,12277.848070383072,28.13,8422.219999999998
488,"[79, 68, 45, 31, 72, 64, 42, 41, 56, 49]",72.97,1.036677483320236,12309.222393751144,26.23,8448.449999999997
489,"[57, 81, 89, 60, 90, 40, 84, 26, 52, 73]",74.68,0.9228859096765518,12336.434131622314,19.67,8468.119999999997
490,"[26, 81, 67, 90, 57, 98, 84, 61, 60, 14]",74.73,0.941270083785057,12365.275819063188,19.67,8487.789999999997
491,"[42, 31, 77, 48, 64, 79, 0, 66, 49, 45]",74.02,1.0221000164747238,12393.284559488297,26.23,8514.019999999997
492,"[40, 14, 47, 26, 73, 90, 84, 67, 61, 89]",74.61,0.9611880993843078,12417.280255556108,19.67,8533.689999999997
493,"[17, 0, 41, 71, 77, 64, 32, 72, 79, 31]",73.62,1.0242634743452073,12445.736116170883,28.13,8561.819999999996
494,"[98, 23, 81, 19, 40, 61, 80, 11, 14, 67]",73.7,1.0222539258003236,12469.45558142662,19.64,8581.459999999995
495,"[73, 60, 61, 89, 14, 57, 98, 67, 47, 11]",72.35,1.0992976546287536,12494.459948778152,19.21,8600.669999999995
496,"[15, 87, 12, 7, 16, 92, 83, 46, 20, 43]",73.75,1.033717340230942,12520.518915891647,13.35,8614.019999999995
497,"[29, 90, 57, 19, 67, 98, 52, 26, 89, 81]",75.06,0.941629998087883,12549.226314783096,19.67,8633.689999999995
498,"[28, 79, 66, 56, 64, 41, 72, 48, 68, 31]",74.85,0.9574651655554772,12579.126050710678,26.23,8659.919999999995
499,"[56, 64, 31, 68, 77, 66, 42, 48, 79, 0]",74.6,0.9732228296995163,12609.42177081108,26.23,8686.149999999994
500,"[55, 75, 4, 5, 95, 65, 9, 35, 70, 76]",75.31,0.9465469110012056,12639.080145597458,16.15,8702.299999999994
501,"[38, 65, 55, 5, 4, 96, 78, 3, 9, 63]",74.01,1.0146179103851318,12668.98369026184,16.44,8718.739999999994
502,"[18, 7, 87, 33, 36, 82, 12, 13, 16, 92]",73.57,0.9926805210113524,12693.520337343216,13.27,8732.009999999995
503,"[36, 99, 87, 7, 33, 83, 37, 46, 20, 13]",74.25,1.0222848516702652,12717.171400785446,13.35,8745.359999999995
504,"[15, 22, 92, 16, 13, 33, 46, 74, 7, 82]",73.8,1.0247518408298493,12741.9583837986,13.35,8758.709999999995
505,"[48, 10, 49, 77, 79, 68, 17, 71, 42, 28]",74.93,0.8973652330040932,12765.620785474775,28.13,8786.839999999995
506,"[93, 8, 53, 69, 1, 88, 50, 25, 2, 39]",74.88,0.9185475820302964,12791.907523870468,10.88,8797.719999999994
507,"[11, 98, 73, 14, 19, 57, 23, 47, 29, 80]",73.3,1.0364238929748535,12813.78954076767,19.63,8817.349999999993
508,"[20, 87, 44, 12, 37, 36, 46, 15, 33, 82]",72.11,1.0877502751350403,12837.944055318832,13.35,8830.699999999993
509,"[9, 63, 21, 78, 3, 38, 30, 5, 65, 96]",73.66,1.006216299533844,12867.690236330032,16.44,8847.139999999994
510,"[98, 80, 14, 61, 29, 40, 11, 89, 81, 60]",74.45,0.9878648322820665,12890.859858512878,19.64,8866.779999999993
