epoch,selected_clients,accuracy,loss,run_time
1,"[2, 5, 7, 9, 13, 19, 27, 29, 38, 44, 52, 69, 76, 83, 97]",15.74,2.4405788803100585,39.457077503204346
2,"[4, 12, 14, 16, 21, 42, 43, 49, 53, 60, 68, 86, 90, 95, 99]",22.38,2.094547289609909,74.3644847869873
3,"[11, 18, 32, 37, 41, 48, 56, 57, 72, 74, 75, 77, 79, 91, 93]",22.33,2.106239324808121,116.20957088470459
4,"[2, 5, 7, 9, 13, 19, 27, 29, 38, 44, 52, 69, 76, 83, 97]",27.61,1.9646611273288728,153.8474600315094
5,"[2, 5, 7, 9, 13, 19, 27, 29, 38, 44, 52, 69, 76, 83, 97]",32.26,1.8431015312671661,191.12659406661987
6,"[2, 5, 7, 9, 13, 19, 27, 29, 38, 44, 52, 69, 76, 83, 97]",33.71,1.8173747777938842,228.0541708469391
7,"[1, 8, 17, 26, 34, 39, 47, 62, 65, 67, 70, 73, 84, 89, 98]",37.93,1.65265726685524,266.54593086242676
8,"[10, 23, 45, 46, 50, 51, 55, 58, 61, 64, 78, 88]",39.04,1.6635600817203522,292.6717140674591
9,"[3, 20, 22, 24, 28, 30, 33, 35, 63, 66, 71, 80, 81, 96]",37.51,1.7217251980304717,326.84758472442627
10,"[2, 5, 7, 9, 13, 19, 27, 29, 38, 44, 52, 69, 76, 83, 97]",43.19,1.573342694044113,366.63723063468933
11,"[2, 5, 7, 9, 13, 19, 27, 29, 38, 44, 52, 69, 76, 83, 97]",43.95,1.5586421251296998,404.35306668281555
12,"[2, 5, 7, 9, 13, 19, 27, 29, 38, 44, 52, 69, 76, 83, 97]",45.01,1.540293539762497,442.16483545303345
13,"[11, 18, 32, 37, 41, 48, 56, 57, 72, 74, 75, 77, 79, 91, 93]",47.11,1.4843101406097412,484.5407223701477
14,"[4, 12, 14, 16, 21, 42, 43, 49, 53, 60, 68, 86, 90, 95, 99]",49.32,1.4070957601070404,519.825713634491
15,"[2, 5, 7, 9, 13, 19, 27, 29, 38, 44, 52, 69, 76, 83, 97]",46.32,1.490389028787613,557.3963520526886
16,"[0, 6, 15, 25, 31, 36, 40, 54, 59, 82, 85, 87, 92, 94]",46.12,1.480871069431305,584.5788359642029
17,"[1, 8, 17, 26, 34, 39, 47, 62, 65, 67, 70, 73, 84, 89, 98]",50.46,1.373188225030899,623.323132276535
18,"[11, 18, 32, 37, 41, 48, 56, 57, 72, 74, 75, 77, 79, 91, 93]",49.92,1.4099898910522461,668.0153040885925
19,"[0, 6, 15, 25, 31, 36, 40, 54, 59, 82, 85, 87, 92, 94]",47.95,1.4295296204090118,696.4785702228546
20,"[10, 23, 45, 46, 50, 51, 55, 58, 61, 64, 78, 88]",49.98,1.3788247907161713,722.682088136673
21,"[4, 12, 14, 16, 21, 42, 43, 49, 53, 60, 68, 86, 90, 95, 99]",54.57,1.2876135575771332,758.0461437702179
22,"[2, 5, 7, 9, 13, 19, 27, 29, 38, 44, 52, 69, 76, 83, 97]",52.8,1.3310329043865203,794.9395861625671
23,"[2, 5, 7, 9, 13, 19, 27, 29, 38, 44, 52, 69, 76, 83, 97]",51.75,1.3489674377441405,831.2045450210571
24,"[2, 5, 7, 9, 13, 19, 27, 29, 38, 44, 52, 69, 76, 83, 97]",52.34,1.3304980492591858,868.3667697906494
25,"[2, 5, 7, 9, 13, 19, 27, 29, 38, 44, 52, 69, 76, 83, 97]",53.25,1.3095190799236298,905.3324580192566
26,"[1, 8, 17, 26, 34, 39, 47, 62, 65, 67, 70, 73, 84, 89, 98]",54.35,1.2584471833705901,944.5990922451019
27,"[4, 12, 14, 16, 21, 42, 43, 49, 53, 60, 68, 86, 90, 95, 99]",56.28,1.2237124335765839,979.8477482795715
28,"[2, 5, 7, 9, 13, 19, 27, 29, 38, 44, 52, 69, 76, 83, 97]",54.8,1.2559745812416077,1018.3064653873444
29,"[2, 5, 7, 9, 13, 19, 27, 29, 38, 44, 52, 69, 76, 83, 97]",54.2,1.275645560026169,1055.9885578155518
30,"[2, 5, 7, 9, 13, 19, 27, 29, 38, 44, 52, 69, 76, 83, 97]",53.5,1.2898054921627045,1093.5913999080658
31,"[2, 5, 7, 9, 13, 19, 27, 29, 38, 44, 52, 69, 76, 83, 97]",53.49,1.2886194789409637,1130.246332168579
32,"[2, 5, 7, 9, 13, 19, 27, 29, 38, 44, 52, 69, 76, 83, 97]",53.94,1.2799145466089248,1167.7939705848694
33,"[4, 12, 14, 16, 21, 42, 43, 49, 53, 60, 68, 86, 90, 95, 99]",58.5,1.1776288408041,1201.8207685947418
34,"[2, 5, 7, 9, 13, 19, 27, 29, 38, 44, 52, 69, 76, 83, 97]",55.28,1.2547880816459656,1239.3237137794495
35,"[2, 5, 7, 9, 13, 19, 27, 29, 38, 44, 52, 69, 76, 83, 97]",54.5,1.279671151638031,1276.9908776283264
36,"[2, 5, 7, 9, 13, 19, 27, 29, 38, 44, 52, 69, 76, 83, 97]",55.02,1.2722080957889557,1315.0622425079346
37,"[1, 8, 17, 26, 34, 39, 47, 62, 65, 67, 70, 73, 84, 89, 98]",56.39,1.197080872654915,1354.9787015914917
38,"[2, 5, 7, 9, 13, 19, 27, 29, 38, 44, 52, 69, 76, 83, 97]",55.74,1.2382823771238327,1393.5507724285126
39,"[4, 12, 14, 16, 21, 42, 43, 49, 53, 60, 68, 86, 90, 95, 99]",57.81,1.1755229079723357,1429.1026017665863
40,"[2, 5, 7, 9, 13, 19, 27, 29, 38, 44, 52, 69, 76, 83, 97]",56.48,1.2210587859153748,1466.9687414169312
41,"[2, 5, 7, 9, 13, 19, 27, 29, 38, 44, 52, 69, 76, 83, 97]",55.87,1.2493550485372544,1504.1524901390076
42,"[2, 5, 7, 9, 13, 19, 27, 29, 38, 44, 52, 69, 76, 83, 97]",55.88,1.2510172599554061,1542.2313022613525
43,"[2, 5, 7, 9, 13, 19, 27, 29, 38, 44, 52, 69, 76, 83, 97]",56.12,1.249792790412903,1579.6185302734375
44,"[2, 5, 7, 9, 13, 19, 27, 29, 38, 44, 52, 69, 76, 83, 97]",55.33,1.268239539861679,1617.2090537548065
45,"[1, 8, 17, 26, 34, 39, 47, 62, 65, 67, 70, 73, 84, 89, 98]",57.37,1.1809321796894074,1655.8638701438904
46,"[2, 5, 7, 9, 13, 19, 27, 29, 38, 44, 52, 69, 76, 83, 97]",56.58,1.2277561342716217,1694.41770029068
47,"[2, 5, 7, 9, 13, 19, 27, 29, 38, 44, 52, 69, 76, 83, 97]",55.83,1.2494262874126434,1732.4203732013702
48,"[4, 12, 14, 16, 21, 42, 43, 49, 53, 60, 68, 86, 90, 95, 99]",59.73,1.1501734352111816,1766.623143196106
49,"[2, 5, 7, 9, 13, 19, 27, 29, 38, 44, 52, 69, 76, 83, 97]",57.25,1.215402102470398,1805.5244114398956
50,"[2, 5, 7, 9, 13, 19, 27, 29, 38, 44, 52, 69, 76, 83, 97]",55.96,1.2578369569778443,1843.0780243873596
51,"[10, 23, 45, 46, 50, 51, 55, 58, 61, 64, 78, 88]",58.13,1.197252221107483,1869.1365194320679
52,"[2, 5, 7, 9, 13, 19, 27, 29, 38, 44, 52, 69, 76, 83, 97]",57.71,1.2023258566856385,1906.595959663391
53,"[10, 23, 45, 46, 50, 51, 55, 58, 61, 64, 78, 88]",58.0,1.1857110947370528,1933.6377747058868
54,"[3, 20, 22, 24, 28, 30, 33, 35, 63, 66, 71, 80, 81, 96]",54.96,1.2920934003591538,1969.375014781952
55,"[2, 5, 7, 9, 13, 19, 27, 29, 38, 44, 52, 69, 76, 83, 97]",58.56,1.1751584029197693,2006.765582561493
56,"[2, 5, 7, 9, 13, 19, 27, 29, 38, 44, 52, 69, 76, 83, 97]",58.11,1.1942683035135269,2044.815485715866
57,"[2, 5, 7, 9, 13, 19, 27, 29, 38, 44, 52, 69, 76, 83, 97]",58.05,1.2152234637737274,2081.7689986228943
58,"[4, 12, 14, 16, 21, 42, 43, 49, 53, 60, 68, 86, 90, 95, 99]",60.63,1.1192512887716293,2117.418037176132
59,"[2, 5, 7, 9, 13, 19, 27, 29, 38, 44, 52, 69, 76, 83, 97]",58.06,1.1998533749580382,2155.8410551548004
60,"[4, 12, 14, 16, 21, 42, 43, 49, 53, 60, 68, 86, 90, 95, 99]",60.78,1.1273667335510253,2191.75287938118
61,"[2, 5, 7, 9, 13, 19, 27, 29, 38, 44, 52, 69, 76, 83, 97]",58.83,1.1728551143407822,2229.65584897995
62,"[3, 20, 22, 24, 28, 30, 33, 35, 63, 66, 71, 80, 81, 96]",55.54,1.2792723548412324,2264.532364845276
63,"[11, 18, 32, 37, 41, 48, 56, 57, 72, 74, 75, 77, 79, 91, 93]",60.62,1.1274037390947342,2308.4799468517303
64,"[2, 5, 7, 9, 13, 19, 27, 29, 38, 44, 52, 69, 76, 83, 97]",59.58,1.1496359437704087,2345.3462331295013
65,"[1, 8, 17, 26, 34, 39, 47, 62, 65, 67, 70, 73, 84, 89, 98]",60.8,1.1025593662261963,2383.843166589737
66,"[10, 23, 45, 46, 50, 51, 55, 58, 61, 64, 78, 88]",60.41,1.11948774933815,2410.3730747699738
67,"[2, 5, 7, 9, 13, 19, 27, 29, 38, 44, 52, 69, 76, 83, 97]",59.96,1.139351140856743,2447.5370247364044
68,"[11, 18, 32, 37, 41, 48, 56, 57, 72, 74, 75, 77, 79, 91, 93]",61.01,1.1009304702281952,2490.695636510849
69,"[2, 5, 7, 9, 13, 19, 27, 29, 38, 44, 52, 69, 76, 83, 97]",60.12,1.1433783543109894,2527.96541595459
70,"[10, 23, 45, 46, 50, 51, 55, 58, 61, 64, 78, 88]",59.82,1.1307433009147645,2553.901218175888
71,"[3, 20, 22, 24, 28, 30, 33, 35, 63, 66, 71, 80, 81, 96]",57.32,1.2130583626031877,2588.5009775161743
72,"[2, 5, 7, 9, 13, 19, 27, 29, 38, 44, 52, 69, 76, 83, 97]",60.39,1.1323145377635955,2625.7780301570892
73,"[3, 20, 22, 24, 28, 30, 33, 35, 63, 66, 71, 80, 81, 96]",57.01,1.2487057590484618,2661.362611055374
74,"[2, 5, 7, 9, 13, 19, 27, 29, 38, 44, 52, 69, 76, 83, 97]",60.75,1.1252765208482742,2697.6259367465973
75,"[2, 5, 7, 9, 13, 19, 27, 29, 38, 44, 52, 69, 76, 83, 97]",60.28,1.162911736369133,2734.368369579315
76,"[3, 20, 22, 24, 28, 30, 33, 35, 63, 66, 71, 80, 81, 96]",56.91,1.247928128838539,2769.186343431473
77,"[2, 5, 7, 9, 13, 19, 27, 29, 38, 44, 52, 69, 76, 83, 97]",60.36,1.1435045009851457,2806.77677321434
78,"[2, 5, 7, 9, 13, 19, 27, 29, 38, 44, 52, 69, 76, 83, 97]",60.31,1.1710908311605452,2844.0537922382355
79,"[4, 12, 14, 16, 21, 42, 43, 49, 53, 60, 68, 86, 90, 95, 99]",62.93,1.0721181559562682,2877.3761281967163
80,"[1, 8, 17, 26, 34, 39, 47, 62, 65, 67, 70, 73, 84, 89, 98]",62.68,1.0538657557964326,2915.8552038669586
81,"[2, 5, 7, 9, 13, 19, 27, 29, 38, 44, 52, 69, 76, 83, 97]",61.01,1.1199501514434815,2953.9259383678436
82,"[2, 5, 7, 9, 13, 19, 27, 29, 38, 44, 52, 69, 76, 83, 97]",60.52,1.148507142663002,2990.935734987259
83,"[3, 20, 22, 24, 28, 30, 33, 35, 63, 66, 71, 80, 81, 96]",57.63,1.2441339993476868,3025.311863422394
84,"[2, 5, 7, 9, 13, 19, 27, 29, 38, 44, 52, 69, 76, 83, 97]",60.86,1.1312603455781938,3062.7398233413696
85,"[10, 23, 45, 46, 50, 51, 55, 58, 61, 64, 78, 88]",61.65,1.1005137526988984,3088.9247376918793
86,"[2, 5, 7, 9, 13, 19, 27, 29, 38, 44, 52, 69, 76, 83, 97]",61.24,1.12590371966362,3126.292103290558
87,"[2, 5, 7, 9, 13, 19, 27, 29, 38, 44, 52, 69, 76, 83, 97]",60.32,1.1618726521730423,3162.6330761909485
88,"[11, 18, 32, 37, 41, 48, 56, 57, 72, 74, 75, 77, 79, 91, 93]",62.6,1.078582237958908,3204.775325536728
89,"[0, 6, 15, 25, 31, 36, 40, 54, 59, 82, 85, 87, 92, 94]",61.77,1.0845065343379974,3231.6473479270935
90,"[0, 6, 15, 25, 31, 36, 40, 54, 59, 82, 85, 87, 92, 94]",62.08,1.090379114151001,3259.0893399715424
91,"[2, 5, 7, 9, 13, 19, 27, 29, 38, 44, 52, 69, 76, 83, 97]",62.34,1.0874346160888673,3295.66894030571
92,"[2, 5, 7, 9, 13, 19, 27, 29, 38, 44, 52, 69, 76, 83, 97]",61.53,1.1271866869926452,3332.7565331459045
93,"[1, 8, 17, 26, 34, 39, 47, 62, 65, 67, 70, 73, 84, 89, 98]",63.01,1.066034272313118,3373.867483854294
94,"[4, 12, 14, 16, 21, 42, 43, 49, 53, 60, 68, 86, 90, 95, 99]",64.85,1.0161074113845825,3407.763653278351
95,"[2, 5, 7, 9, 13, 19, 27, 29, 38, 44, 52, 69, 76, 83, 97]",62.4,1.0874508422613145,3444.889249563217
96,"[2, 5, 7, 9, 13, 19, 27, 29, 38, 44, 52, 69, 76, 83, 97]",62.11,1.1182229542732238,3483.618305206299
97,"[10, 23, 45, 46, 50, 51, 55, 58, 61, 64, 78, 88]",62.63,1.0684625750780106,3510.538894891739
98,"[3, 20, 22, 24, 28, 30, 33, 35, 63, 66, 71, 80, 81, 96]",59.04,1.176331378221512,3545.559469461441
99,"[2, 5, 7, 9, 13, 19, 27, 29, 38, 44, 52, 69, 76, 83, 97]",62.22,1.0966662520170212,3584.5964629650116
100,"[1, 8, 17, 26, 34, 39, 47, 62, 65, 67, 70, 73, 84, 89, 98]",63.88,1.0316900718212128,3623.82567691803
101,"[2, 5, 7, 9, 13, 19, 27, 29, 38, 44, 52, 69, 76, 83, 97]",62.82,1.078854385614395,3660.9052793979645
102,"[2, 5, 7, 9, 13, 19, 27, 29, 38, 44, 52, 69, 76, 83, 97]",61.95,1.112393275499344,3697.7504739761353
103,"[11, 18, 32, 37, 41, 48, 56, 57, 72, 74, 75, 77, 79, 91, 93]",63.4,1.05128349006176,3741.2740557193756
104,"[1, 8, 17, 26, 34, 39, 47, 62, 65, 67, 70, 73, 84, 89, 98]",63.41,1.0492143160104752,3780.254424095154
105,"[2, 5, 7, 9, 13, 19, 27, 29, 38, 44, 52, 69, 76, 83, 97]",62.67,1.0855381453037263,3818.0799219608307
106,"[3, 20, 22, 24, 28, 30, 33, 35, 63, 66, 71, 80, 81, 96]",59.91,1.1716467827558517,3853.5318274497986
107,"[2, 5, 7, 9, 13, 19, 27, 29, 38, 44, 52, 69, 76, 83, 97]",62.76,1.0878070431947708,3889.9427638053894
108,"[11, 18, 32, 37, 41, 48, 56, 57, 72, 74, 75, 77, 79, 91, 93]",63.52,1.048034570813179,3932.362620830536
109,"[2, 5, 7, 9, 13, 19, 27, 29, 38, 44, 52, 69, 76, 83, 97]",62.42,1.0949954438209533,3969.826753139496
110,"[2, 5, 7, 9, 13, 19, 27, 29, 38, 44, 52, 69, 76, 83, 97]",62.12,1.1283136892318726,4007.174329519272
111,"[2, 5, 7, 9, 13, 19, 27, 29, 38, 44, 52, 69, 76, 83, 97]",61.63,1.1513982385396957,4043.201247215271
112,"[2, 5, 7, 9, 13, 19, 27, 29, 38, 44, 52, 69, 76, 83, 97]",61.31,1.1660718154907226,4081.4230060577393
113,"[2, 5, 7, 9, 13, 19, 27, 29, 38, 44, 52, 69, 76, 83, 97]",60.58,1.1817017590999603,4118.060245752335
114,"[2, 5, 7, 9, 13, 19, 27, 29, 38, 44, 52, 69, 76, 83, 97]",60.21,1.1866016399860382,4154.8408806324005
115,"[3, 20, 22, 24, 28, 30, 33, 35, 63, 66, 71, 80, 81, 96]",59.89,1.1884730350971222,4190.63690829277
116,"[11, 18, 32, 37, 41, 48, 56, 57, 72, 74, 75, 77, 79, 91, 93]",63.73,1.055504641532898,4234.114583730698
117,"[4, 12, 14, 16, 21, 42, 43, 49, 53, 60, 68, 86, 90, 95, 99]",64.37,1.0140371167659759,4268.079488277435
118,"[3, 20, 22, 24, 28, 30, 33, 35, 63, 66, 71, 80, 81, 96]",60.52,1.150860230922699,4302.892491102219
119,"[11, 18, 32, 37, 41, 48, 56, 57, 72, 74, 75, 77, 79, 91, 93]",64.19,1.0448925989866256,4346.365015268326
120,"[2, 5, 7, 9, 13, 19, 27, 29, 38, 44, 52, 69, 76, 83, 97]",63.11,1.081541206240654,4383.832774400711
121,"[2, 5, 7, 9, 13, 19, 27, 29, 38, 44, 52, 69, 76, 83, 97]",61.55,1.1375059884786607,4420.573230266571
122,"[10, 23, 45, 46, 50, 51, 55, 58, 61, 64, 78, 88]",63.17,1.0643488693237304,4446.472984075546
123,"[2, 5, 7, 9, 13, 19, 27, 29, 38, 44, 52, 69, 76, 83, 97]",63.0,1.0877105396986009,4483.443119287491
124,"[11, 18, 32, 37, 41, 48, 56, 57, 72, 74, 75, 77, 79, 91, 93]",63.08,1.0596443438529968,4526.1843502521515
125,"[1, 8, 17, 26, 34, 39, 47, 62, 65, 67, 70, 73, 84, 89, 98]",63.4,1.0380375760793685,4564.170214414597
126,"[11, 18, 32, 37, 41, 48, 56, 57, 72, 74, 75, 77, 79, 91, 93]",63.96,1.0416539561748506,4604.20024728775
127,"[2, 5, 7, 9, 13, 19, 27, 29, 38, 44, 52, 69, 76, 83, 97]",63.24,1.0839720451831818,4640.810872793198
128,"[2, 5, 7, 9, 13, 19, 27, 29, 38, 44, 52, 69, 76, 83, 97]",62.64,1.1246827572584153,4677.7796087265015
129,"[11, 18, 32, 37, 41, 48, 56, 57, 72, 74, 75, 77, 79, 91, 93]",63.03,1.0681882017850877,4719.822922229767
130,"[2, 5, 7, 9, 13, 19, 27, 29, 38, 44, 52, 69, 76, 83, 97]",62.89,1.1087009531259537,4757.2494332790375
131,"[2, 5, 7, 9, 13, 19, 27, 29, 38, 44, 52, 69, 76, 83, 97]",62.04,1.1419753485918045,4795.20282292366
132,"[10, 23, 45, 46, 50, 51, 55, 58, 61, 64, 78, 88]",63.37,1.0611006480455398,4821.079321861267
133,"[2, 5, 7, 9, 13, 19, 27, 29, 38, 44, 52, 69, 76, 83, 97]",62.62,1.1008718955516814,4847.95294213295
134,"[1, 8, 17, 26, 34, 39, 47, 62, 65, 67, 70, 73, 84, 89, 98]",63.98,1.0426487106084823,4876.668544769287
135,"[2, 5, 7, 9, 13, 19, 27, 29, 38, 44, 52, 69, 76, 83, 97]",62.67,1.110922742486,4911.0746483802795
136,"[2, 5, 7, 9, 13, 19, 27, 29, 38, 44, 52, 69, 76, 83, 97]",61.7,1.1411457818746567,4945.620119571686
137,"[2, 5, 7, 9, 13, 19, 27, 29, 38, 44, 52, 69, 76, 83, 97]",61.74,1.1565350413322448,4980.227919101715
138,"[1, 8, 17, 26, 34, 39, 47, 62, 65, 67, 70, 73, 84, 89, 98]",63.68,1.0509723490476608,5016.77259016037
139,"[2, 5, 7, 9, 13, 19, 27, 29, 38, 44, 52, 69, 76, 83, 97]",62.66,1.1210925048589706,5052.09374833107
140,"[2, 5, 7, 9, 13, 19, 27, 29, 38, 44, 52, 69, 76, 83, 97]",62.45,1.1488319826126099,5086.810616731644
141,"[11, 18, 32, 37, 41, 48, 56, 57, 72, 74, 75, 77, 79, 91, 93]",63.36,1.0595493447780608,5126.433061122894
142,"[1, 8, 17, 26, 34, 39, 47, 62, 65, 67, 70, 73, 84, 89, 98]",63.53,1.0445548474788666,5161.621068239212
143,"[11, 18, 32, 37, 41, 48, 56, 57, 72, 74, 75, 77, 79, 91, 93]",63.37,1.0539358454942702,5202.9562611579895
144,"[11, 18, 32, 37, 41, 48, 56, 57, 72, 74, 75, 77, 79, 91, 93]",63.05,1.0758480262756347,5241.44647526741
145,"[2, 5, 7, 9, 13, 19, 27, 29, 38, 44, 52, 69, 76, 83, 97]",62.91,1.0938117575645447,5275.932345151901
146,"[0, 6, 15, 25, 31, 36, 40, 54, 59, 82, 85, 87, 92, 94]",62.92,1.0585150992870331,5301.593170881271
147,"[2, 5, 7, 9, 13, 19, 27, 29, 38, 44, 52, 69, 76, 83, 97]",63.79,1.075560844540596,5335.719381093979
148,"[10, 23, 45, 46, 50, 51, 55, 58, 61, 64, 78, 88]",64.7,1.0295572620630264,5360.878961086273
149,"[2, 5, 7, 9, 13, 19, 27, 29, 38, 44, 52, 69, 76, 83, 97]",64.26,1.0631790852546692,5396.077744960785
150,"[10, 23, 45, 46, 50, 51, 55, 58, 61, 64, 78, 88]",64.68,1.0288791340589523,5419.252904653549
151,"[2, 5, 7, 9, 13, 19, 27, 29, 38, 44, 52, 69, 76, 83, 97]",63.68,1.0825467681884766,5444.340938091278
152,"[2, 5, 7, 9, 13, 19, 27, 29, 38, 44, 52, 69, 76, 83, 97]",63.24,1.0941486883163452,5479.239619016647
153,"[2, 5, 7, 9, 13, 19, 27, 29, 38, 44, 52, 69, 76, 83, 97]",62.73,1.1181049406528474,5512.836603403091
154,"[1, 8, 17, 26, 34, 39, 47, 62, 65, 67, 70, 73, 84, 89, 98]",63.46,1.041402752995491,5549.009620189667
155,"[0, 6, 15, 25, 31, 36, 40, 54, 59, 82, 85, 87, 92, 94]",63.33,1.0667783814668654,5575.412292718887
156,"[10, 23, 45, 46, 50, 51, 55, 58, 61, 64, 78, 88]",65.11,1.0033686918020248,5594.67453455925
157,"[10, 23, 45, 46, 50, 51, 55, 58, 61, 64, 78, 88]",64.23,1.0363918346166612,5620.33492898941
158,"[2, 5, 7, 9, 13, 19, 27, 29, 38, 44, 52, 69, 76, 83, 97]",64.78,1.0398184442520142,5654.407618522644
159,"[0, 6, 15, 25, 31, 36, 40, 54, 59, 82, 85, 87, 92, 94]",64.29,1.0437508356571197,5679.783650875092
160,"[2, 5, 7, 9, 13, 19, 27, 29, 38, 44, 52, 69, 76, 83, 97]",63.6,1.0661413210630417,5714.879596710205
161,"[2, 5, 7, 9, 13, 19, 27, 29, 38, 44, 52, 69, 76, 83, 97]",63.4,1.090636396408081,5749.453978538513
162,"[2, 5, 7, 9, 13, 19, 27, 29, 38, 44, 52, 69, 76, 83, 97]",63.63,1.1065612703561782,5784.003058671951
163,"[2, 5, 7, 9, 13, 19, 27, 29, 38, 44, 52, 69, 76, 83, 97]",62.81,1.127719920873642,5818.839112281799
164,"[2, 5, 7, 9, 13, 19, 27, 29, 38, 44, 52, 69, 76, 83, 97]",62.8,1.1354053139686584,5853.036740064621
165,"[11, 18, 32, 37, 41, 48, 56, 57, 72, 74, 75, 77, 79, 91, 93]",65.25,1.0362856101989746,5892.636223077774
166,"[10, 23, 45, 46, 50, 51, 55, 58, 61, 64, 78, 88]",64.91,1.033835117816925,5911.3175666332245
167,"[3, 20, 22, 24, 28, 30, 33, 35, 63, 66, 71, 80, 81, 96]",62.4,1.0800021493434906,5935.976505279541
168,"[4, 12, 14, 16, 21, 42, 43, 49, 53, 60, 68, 86, 90, 95, 99]",66.83,0.9584907722473145,5958.453125476837
169,"[3, 20, 22, 24, 28, 30, 33, 35, 63, 66, 71, 80, 81, 96]",62.81,1.0830943554639816,5989.056316137314
170,"[0, 6, 15, 25, 31, 36, 40, 54, 59, 82, 85, 87, 92, 94]",65.34,0.9991159784793854,6015.190864801407
171,"[10, 23, 45, 46, 50, 51, 55, 58, 61, 64, 78, 88]",65.96,0.9910298562049866,6039.772799730301
172,"[2, 5, 7, 9, 13, 19, 27, 29, 38, 44, 52, 69, 76, 83, 97]",64.95,1.0411188584566116,6074.626924037933
173,"[11, 18, 32, 37, 41, 48, 56, 57, 72, 74, 75, 77, 79, 91, 93]",66.11,0.9908689606189728,6113.956908226013
174,"[10, 23, 45, 46, 50, 51, 55, 58, 61, 64, 78, 88]",65.32,1.0234255784749984,6139.00022149086
175,"[2, 5, 7, 9, 13, 19, 27, 29, 38, 44, 52, 69, 76, 83, 97]",64.3,1.0710871315002441,6172.943630933762
176,"[10, 23, 45, 46, 50, 51, 55, 58, 61, 64, 78, 88]",64.75,1.048182146549225,6197.670189142227
177,"[2, 5, 7, 9, 13, 19, 27, 29, 38, 44, 52, 69, 76, 83, 97]",63.9,1.0880343949794768,6232.2788298130035
178,"[3, 20, 22, 24, 28, 30, 33, 35, 63, 66, 71, 80, 81, 96]",62.67,1.1060063630342483,6265.181960105896
179,"[3, 20, 22, 24, 28, 30, 33, 35, 63, 66, 71, 80, 81, 96]",62.13,1.1390205842256547,6297.580113172531
180,"[2, 5, 7, 9, 13, 19, 27, 29, 38, 44, 52, 69, 76, 83, 97]",64.79,1.0447575998306275,6332.1880877017975
181,"[3, 20, 22, 24, 28, 30, 33, 35, 63, 66, 71, 80, 81, 96]",62.62,1.1116021424531937,6364.524680614471
182,"[4, 12, 14, 16, 21, 42, 43, 49, 53, 60, 68, 86, 90, 95, 99]",67.17,0.9650189799070358,6396.369082689285
183,"[2, 5, 7, 9, 13, 19, 27, 29, 38, 44, 52, 69, 76, 83, 97]",65.67,1.0340983635187149,6429.907282114029
184,"[4, 12, 14, 16, 21, 42, 43, 49, 53, 60, 68, 86, 90, 95, 99]",66.78,0.9737057077884674,6461.860759019852
185,"[2, 5, 7, 9, 13, 19, 27, 29, 38, 44, 52, 69, 76, 83, 97]",65.09,1.0416532784700394,6496.119524002075
186,"[2, 5, 7, 9, 13, 19, 27, 29, 38, 44, 52, 69, 76, 83, 97]",64.4,1.0846311116218568,6530.500135421753
187,"[0, 6, 15, 25, 31, 36, 40, 54, 59, 82, 85, 87, 92, 94]",65.19,1.0137821692228317,6556.873462438583
188,"[2, 5, 7, 9, 13, 19, 27, 29, 38, 44, 52, 69, 76, 83, 97]",64.87,1.0495512455701828,6591.673961400986
189,"[3, 20, 22, 24, 28, 30, 33, 35, 63, 66, 71, 80, 81, 96]",63.66,1.0874024492502212,6624.324587106705
190,"[2, 5, 7, 9, 13, 19, 27, 29, 38, 44, 52, 69, 76, 83, 97]",64.27,1.0584374725818635,6657.932502508163
191,"[2, 5, 7, 9, 13, 19, 27, 29, 38, 44, 52, 69, 76, 83, 97]",64.32,1.0828328263759612,6691.903849124908
192,"[11, 18, 32, 37, 41, 48, 56, 57, 72, 74, 75, 77, 79, 91, 93]",65.98,1.0028407394886016,6731.510155200958
193,"[11, 18, 32, 37, 41, 48, 56, 57, 72, 74, 75, 77, 79, 91, 93]",65.02,1.0235944819450378,6765.924150943756
194,"[2, 5, 7, 9, 13, 19, 27, 29, 38, 44, 52, 69, 76, 83, 97]",64.35,1.0757763993740082,6797.657487869263
195,"[2, 5, 7, 9, 13, 19, 27, 29, 38, 44, 52, 69, 76, 83, 97]",63.74,1.0865073263645173,6832.202325582504
196,"[2, 5, 7, 9, 13, 19, 27, 29, 38, 44, 52, 69, 76, 83, 97]",64.26,1.0984362858533858,6866.881947517395
197,"[11, 18, 32, 37, 41, 48, 56, 57, 72, 74, 75, 77, 79, 91, 93]",64.6,1.0472527754306793,6906.2035048007965
198,"[3, 20, 22, 24, 28, 30, 33, 35, 63, 66, 71, 80, 81, 96]",62.71,1.1076334118843079,6939.986860990524
199,"[2, 5, 7, 9, 13, 19, 27, 29, 38, 44, 52, 69, 76, 83, 97]",64.39,1.0681637078523636,6973.661123752594
200,"[2, 5, 7, 9, 13, 19, 27, 29, 38, 44, 52, 69, 76, 83, 97]",63.18,1.1263197660446167,7008.454658746719
201,"[2, 5, 7, 9, 13, 19, 27, 29, 38, 44, 52, 69, 76, 83, 97]",63.33,1.125606762766838,7043.072136878967
202,"[2, 5, 7, 9, 13, 19, 27, 29, 38, 44, 52, 69, 76, 83, 97]",63.52,1.1404654157161713,7076.942016124725
203,"[0, 6, 15, 25, 31, 36, 40, 54, 59, 82, 85, 87, 92, 94]",64.46,1.053169580101967,7102.974685668945
204,"[2, 5, 7, 9, 13, 19, 27, 29, 38, 44, 52, 69, 76, 83, 97]",65.11,1.05366386950016,7137.6706738471985
205,"[11, 18, 32, 37, 41, 48, 56, 57, 72, 74, 75, 77, 79, 91, 93]",65.47,1.0235269993543625,7176.577720880508
206,"[10, 23, 45, 46, 50, 51, 55, 58, 61, 64, 78, 88]",65.8,1.0108128464221955,7201.703919172287
207,"[2, 5, 7, 9, 13, 19, 27, 29, 38, 44, 52, 69, 76, 83, 97]",65.23,1.0498072510957719,7235.705253601074
208,"[4, 12, 14, 16, 21, 42, 43, 49, 53, 60, 68, 86, 90, 95, 99]",66.96,0.957704313993454,7267.279273986816
209,"[2, 5, 7, 9, 13, 19, 27, 29, 38, 44, 52, 69, 76, 83, 97]",65.65,1.028349974155426,7301.793083429337
210,"[2, 5, 7, 9, 13, 19, 27, 29, 38, 44, 52, 69, 76, 83, 97]",64.33,1.0868896967172623,7336.41466999054
211,"[2, 5, 7, 9, 13, 19, 27, 29, 38, 44, 52, 69, 76, 83, 97]",64.34,1.0941136234998703,7371.071702241898
212,"[2, 5, 7, 9, 13, 19, 27, 29, 38, 44, 52, 69, 76, 83, 97]",63.68,1.1204290598630906,7404.775087118149
213,"[4, 12, 14, 16, 21, 42, 43, 49, 53, 60, 68, 86, 90, 95, 99]",66.56,0.9917871183156968,7436.900177717209
214,"[2, 5, 7, 9, 13, 19, 27, 29, 38, 44, 52, 69, 76, 83, 97]",65.26,1.0559464502334595,7471.826764345169
215,"[2, 5, 7, 9, 13, 19, 27, 29, 38, 44, 52, 69, 76, 83, 97]",64.13,1.1014463710784912,7505.230462551117
216,"[1, 8, 17, 26, 34, 39, 47, 62, 65, 67, 70, 73, 84, 89, 98]",66.28,1.0032840651273727,7541.353721141815
217,"[2, 5, 7, 9, 13, 19, 27, 29, 38, 44, 52, 69, 76, 83, 97]",65.52,1.0458334320783615,7577.540587425232
218,"[4, 12, 14, 16, 21, 42, 43, 49, 53, 60, 68, 86, 90, 95, 99]",67.5,0.9671724009513855,7611.503427743912
219,"[2, 5, 7, 9, 13, 19, 27, 29, 38, 44, 52, 69, 76, 83, 97]",66.1,1.0316773927211762,7649.3440136909485
220,"[2, 5, 7, 9, 13, 19, 27, 29, 38, 44, 52, 69, 76, 83, 97]",65.51,1.0761986321210861,7685.635624408722
221,"[2, 5, 7, 9, 13, 19, 27, 29, 38, 44, 52, 69, 76, 83, 97]",64.56,1.104456708431244,7721.917829036713
222,"[2, 5, 7, 9, 13, 19, 27, 29, 38, 44, 52, 69, 76, 83, 97]",64.02,1.1167754572629929,7758.172611951828
223,"[10, 23, 45, 46, 50, 51, 55, 58, 61, 64, 78, 88]",65.38,1.035641542673111,7784.913293838501
224,"[2, 5, 7, 9, 13, 19, 27, 29, 38, 44, 52, 69, 76, 83, 97]",65.37,1.0574590426683426,7822.221298694611
225,"[2, 5, 7, 9, 13, 19, 27, 29, 38, 44, 52, 69, 76, 83, 97]",63.81,1.1145222449302674,7859.735342741013
226,"[0, 6, 15, 25, 31, 36, 40, 54, 59, 82, 85, 87, 92, 94]",65.61,1.029452080130577,7886.54475235939
227,"[3, 20, 22, 24, 28, 30, 33, 35, 63, 66, 71, 80, 81, 96]",64.14,1.0840015834569932,7920.678156614304
228,"[11, 18, 32, 37, 41, 48, 56, 57, 72, 74, 75, 77, 79, 91, 93]",66.79,0.9795398634672164,7962.410758733749
229,"[4, 12, 14, 16, 21, 42, 43, 49, 53, 60, 68, 86, 90, 95, 99]",67.71,0.9514378577470779,7996.71742939949
230,"[2, 5, 7, 9, 13, 19, 27, 29, 38, 44, 52, 69, 76, 83, 97]",65.99,1.0251324421167374,8033.68630361557
231,"[2, 5, 7, 9, 13, 19, 27, 29, 38, 44, 52, 69, 76, 83, 97]",65.34,1.0637128174304962,8071.737106800079
232,"[2, 5, 7, 9, 13, 19, 27, 29, 38, 44, 52, 69, 76, 83, 97]",64.06,1.103935306072235,8109.093203306198
233,"[2, 5, 7, 9, 13, 19, 27, 29, 38, 44, 52, 69, 76, 83, 97]",64.26,1.116156997680664,8145.166757106781
234,"[11, 18, 32, 37, 41, 48, 56, 57, 72, 74, 75, 77, 79, 91, 93]",65.71,1.0206825351715088,8187.408097743988
235,"[2, 5, 7, 9, 13, 19, 27, 29, 38, 44, 52, 69, 76, 83, 97]",64.37,1.0753908157348633,8225.149229288101
236,"[3, 20, 22, 24, 28, 30, 33, 35, 63, 66, 71, 80, 81, 96]",62.72,1.12720337331295,8259.821367025375
237,"[2, 5, 7, 9, 13, 19, 27, 29, 38, 44, 52, 69, 76, 83, 97]",65.55,1.0617500537633895,8295.880552768707
238,"[3, 20, 22, 24, 28, 30, 33, 35, 63, 66, 71, 80, 81, 96]",62.73,1.1190304654836654,8329.944954633713
239,"[2, 5, 7, 9, 13, 19, 27, 29, 38, 44, 52, 69, 76, 83, 97]",65.12,1.0742421942949294,8366.518027067184
240,"[2, 5, 7, 9, 13, 19, 27, 29, 38, 44, 52, 69, 76, 83, 97]",64.33,1.105628000497818,8403.270280122757
241,"[11, 18, 32, 37, 41, 48, 56, 57, 72, 74, 75, 77, 79, 91, 93]",65.68,1.021807901263237,8445.903861761093
242,"[2, 5, 7, 9, 13, 19, 27, 29, 38, 44, 52, 69, 76, 83, 97]",64.07,1.0777039432525635,8483.155964136124
243,"[2, 5, 7, 9, 13, 19, 27, 29, 38, 44, 52, 69, 76, 83, 97]",63.69,1.1115690034627914,8519.678123474121
244,"[2, 5, 7, 9, 13, 19, 27, 29, 38, 44, 52, 69, 76, 83, 97]",64.19,1.1196472644805908,8554.971354484558
245,"[2, 5, 7, 9, 13, 19, 27, 29, 38, 44, 52, 69, 76, 83, 97]",63.89,1.1302336627244949,8592.411730527878
246,"[2, 5, 7, 9, 13, 19, 27, 29, 38, 44, 52, 69, 76, 83, 97]",62.95,1.1547005981206895,8629.145892381668
247,"[2, 5, 7, 9, 13, 19, 27, 29, 38, 44, 52, 69, 76, 83, 97]",62.81,1.1687442165613176,8665.504961013794
248,"[2, 5, 7, 9, 13, 19, 27, 29, 38, 44, 52, 69, 76, 83, 97]",62.94,1.1696327549219132,8702.605575323105
249,"[2, 5, 7, 9, 13, 19, 27, 29, 38, 44, 52, 69, 76, 83, 97]",63.24,1.1666194128990173,8739.72687625885
250,"[2, 5, 7, 9, 13, 19, 27, 29, 38, 44, 52, 69, 76, 83, 97]",62.62,1.1880588930845262,8776.521499633789
251,"[0, 6, 15, 25, 31, 36, 40, 54, 59, 82, 85, 87, 92, 94]",64.89,1.0522795897722244,8803.694953918457
252,"[2, 5, 7, 9, 13, 19, 27, 29, 38, 44, 52, 69, 76, 83, 97]",65.61,1.062198068499565,8839.366478443146
253,"[10, 23, 45, 46, 50, 51, 55, 58, 61, 64, 78, 88]",66.24,1.0141303443908691,8864.589284420013
254,"[2, 5, 7, 9, 13, 19, 27, 29, 38, 44, 52, 69, 76, 83, 97]",65.44,1.060443629026413,8899.316556215286
255,"[0, 6, 15, 25, 31, 36, 40, 54, 59, 82, 85, 87, 92, 94]",64.97,1.0560017561912536,8925.057913780212
256,"[2, 5, 7, 9, 13, 19, 27, 29, 38, 44, 52, 69, 76, 83, 97]",65.4,1.0627769166231156,8960.357376337051
257,"[0, 6, 15, 25, 31, 36, 40, 54, 59, 82, 85, 87, 92, 94]",64.77,1.0696525609493255,8987.538335561752
258,"[2, 5, 7, 9, 13, 19, 27, 29, 38, 44, 52, 69, 76, 83, 97]",65.59,1.0762812250852585,9025.033023834229
259,"[10, 23, 45, 46, 50, 51, 55, 58, 61, 64, 78, 88]",65.77,1.048081677556038,9052.395416736603
260,"[2, 5, 7, 9, 13, 19, 27, 29, 38, 44, 52, 69, 76, 83, 97]",65.31,1.0633721482753753,9089.688662052155
261,"[4, 12, 14, 16, 21, 42, 43, 49, 53, 60, 68, 86, 90, 95, 99]",68.08,0.9548410511016846,9124.687595129013
262,"[2, 5, 7, 9, 13, 19, 27, 29, 38, 44, 52, 69, 76, 83, 97]",65.96,1.0423607581853866,9161.682276010513
263,"[2, 5, 7, 9, 13, 19, 27, 29, 38, 44, 52, 69, 76, 83, 97]",65.14,1.08012413084507,9198.128172397614
264,"[2, 5, 7, 9, 13, 19, 27, 29, 38, 44, 52, 69, 76, 83, 97]",64.96,1.1007435536384582,9235.412527799606
265,"[2, 5, 7, 9, 13, 19, 27, 29, 38, 44, 52, 69, 76, 83, 97]",64.4,1.1134441912174224,9273.110831737518
266,"[2, 5, 7, 9, 13, 19, 27, 29, 38, 44, 52, 69, 76, 83, 97]",64.23,1.131749666929245,9310.929148674011
267,"[10, 23, 45, 46, 50, 51, 55, 58, 61, 64, 78, 88]",66.2,1.033990170955658,9337.519924402237
268,"[4, 12, 14, 16, 21, 42, 43, 49, 53, 60, 68, 86, 90, 95, 99]",67.63,0.9726560723781585,9372.274947404861
269,"[4, 12, 14, 16, 21, 42, 43, 49, 53, 60, 68, 86, 90, 95, 99]",67.59,0.9600865453481674,9407.209326028824
270,"[3, 20, 22, 24, 28, 30, 33, 35, 63, 66, 71, 80, 81, 96]",64.48,1.059767873287201,9442.112966060638
271,"[2, 5, 7, 9, 13, 19, 27, 29, 38, 44, 52, 69, 76, 83, 97]",65.61,1.044546104669571,9478.631067037582
272,"[2, 5, 7, 9, 13, 19, 27, 29, 38, 44, 52, 69, 76, 83, 97]",65.04,1.0851366370916367,9516.577654600143
273,"[3, 20, 22, 24, 28, 30, 33, 35, 63, 66, 71, 80, 81, 96]",63.74,1.1123352915048599,9551.400581598282
274,"[3, 20, 22, 24, 28, 30, 33, 35, 63, 66, 71, 80, 81, 96]",63.53,1.113910555243492,9585.994948863983
275,"[10, 23, 45, 46, 50, 51, 55, 58, 61, 64, 78, 88]",66.46,1.013004299402237,9611.810546636581
276,"[2, 5, 7, 9, 13, 19, 27, 29, 38, 44, 52, 69, 76, 83, 97]",66.09,1.0416210681200027,9649.154829978943
277,"[0, 6, 15, 25, 31, 36, 40, 54, 59, 82, 85, 87, 92, 94]",66.32,1.0288951766490937,9675.853163480759
278,"[2, 5, 7, 9, 13, 19, 27, 29, 38, 44, 52, 69, 76, 83, 97]",66.13,1.033224406838417,9712.620706319809
279,"[2, 5, 7, 9, 13, 19, 27, 29, 38, 44, 52, 69, 76, 83, 97]",65.52,1.0693411916494369,9748.711301803589
280,"[2, 5, 7, 9, 13, 19, 27, 29, 38, 44, 52, 69, 76, 83, 97]",65.03,1.1019077235460282,9784.727750062943
281,"[1, 8, 17, 26, 34, 39, 47, 62, 65, 67, 70, 73, 84, 89, 98]",66.73,0.9754841470718384,9824.100435495377
282,"[2, 5, 7, 9, 13, 19, 27, 29, 38, 44, 52, 69, 76, 83, 97]",65.67,1.0436809378862382,9860.824412822723
283,"[2, 5, 7, 9, 13, 19, 27, 29, 38, 44, 52, 69, 76, 83, 97]",65.26,1.0736519587039948,9897.573570728302
284,"[2, 5, 7, 9, 13, 19, 27, 29, 38, 44, 52, 69, 76, 83, 97]",64.55,1.1008173125982283,9935.258079767227
285,"[2, 5, 7, 9, 13, 19, 27, 29, 38, 44, 52, 69, 76, 83, 97]",63.8,1.1339412230253219,9972.628299713135
286,"[4, 12, 14, 16, 21, 42, 43, 49, 53, 60, 68, 86, 90, 95, 99]",67.74,0.981818996667862,10007.117636680603
287,"[2, 5, 7, 9, 13, 19, 27, 29, 38, 44, 52, 69, 76, 83, 97]",66.34,1.039149767756462,10044.44578051567
288,"[1, 8, 17, 26, 34, 39, 47, 62, 65, 67, 70, 73, 84, 89, 98]",66.29,1.004445379972458,10082.670811891556
289,"[2, 5, 7, 9, 13, 19, 27, 29, 38, 44, 52, 69, 76, 83, 97]",66.58,1.019367458820343,10120.280029296875
290,"[11, 18, 32, 37, 41, 48, 56, 57, 72, 74, 75, 77, 79, 91, 93]",66.69,0.9850891041755676,10163.035001039505
291,"[1, 8, 17, 26, 34, 39, 47, 62, 65, 67, 70, 73, 84, 89, 98]",66.34,0.9877692979574203,10200.864715337753
292,"[2, 5, 7, 9, 13, 19, 27, 29, 38, 44, 52, 69, 76, 83, 97]",65.91,1.0247996205091476,10237.104094028473
293,"[2, 5, 7, 9, 13, 19, 27, 29, 38, 44, 52, 69, 76, 83, 97]",64.95,1.0670347744226456,10271.549869537354
294,"[2, 5, 7, 9, 13, 19, 27, 29, 38, 44, 52, 69, 76, 83, 97]",65.12,1.0761691796779633,10307.76116847992
295,"[3, 20, 22, 24, 28, 30, 33, 35, 63, 66, 71, 80, 81, 96]",63.66,1.1189403802156448,10341.89851307869
296,"[2, 5, 7, 9, 13, 19, 27, 29, 38, 44, 52, 69, 76, 83, 97]",65.87,1.0499708867073059,10379.168534040451
297,"[11, 18, 32, 37, 41, 48, 56, 57, 72, 74, 75, 77, 79, 91, 93]",66.67,0.9971314907073975,10420.938197612762
298,"[3, 20, 22, 24, 28, 30, 33, 35, 63, 66, 71, 80, 81, 96]",64.7,1.0690947848558425,10456.090582370758
299,"[2, 5, 7, 9, 13, 19, 27, 29, 38, 44, 52, 69, 76, 83, 97]",65.17,1.0518864738941192,10493.45136475563
300,"[1, 8, 17, 26, 34, 39, 47, 62, 65, 67, 70, 73, 84, 89, 98]",66.17,1.000592839717865,10533.268499612808
301,"[11, 18, 32, 37, 41, 48, 56, 57, 72, 74, 75, 77, 79, 91, 93]",66.24,0.9957741159200668,10574.90977692604
302,"[0, 6, 15, 25, 31, 36, 40, 54, 59, 82, 85, 87, 92, 94]",65.2,1.0355186718702316,10602.271445512772
303,"[2, 5, 7, 9, 13, 19, 27, 29, 38, 44, 52, 69, 76, 83, 97]",65.87,1.039137299656868,10638.636112451553
304,"[2, 5, 7, 9, 13, 19, 27, 29, 38, 44, 52, 69, 76, 83, 97]",65.55,1.0694263088703155,10676.301448345184
305,"[10, 23, 45, 46, 50, 51, 55, 58, 61, 64, 78, 88]",66.72,0.9991906398534774,10703.673477649689
306,"[2, 5, 7, 9, 13, 19, 27, 29, 38, 44, 52, 69, 76, 83, 97]",66.05,1.0466046673059464,10741.487134456635
307,"[2, 5, 7, 9, 13, 19, 27, 29, 38, 44, 52, 69, 76, 83, 97]",65.3,1.079486876130104,10779.114368915558
308,"[0, 6, 15, 25, 31, 36, 40, 54, 59, 82, 85, 87, 92, 94]",65.89,1.0406938499212266,10806.366130113602
309,"[2, 5, 7, 9, 13, 19, 27, 29, 38, 44, 52, 69, 76, 83, 97]",66.44,1.0505384373664857,10844.37247633934
310,"[4, 12, 14, 16, 21, 42, 43, 49, 53, 60, 68, 86, 90, 95, 99]",67.24,0.9789063769578934,10879.36856341362
311,"[11, 18, 32, 37, 41, 48, 56, 57, 72, 74, 75, 77, 79, 91, 93]",67.65,0.9611281847953796,10921.604795694351
312,"[10, 23, 45, 46, 50, 51, 55, 58, 61, 64, 78, 88]",67.37,0.9668289905786515,10949.279913187027
313,"[1, 8, 17, 26, 34, 39, 47, 62, 65, 67, 70, 73, 84, 89, 98]",67.55,0.9717811894416809,10989.12989974022
314,"[2, 5, 7, 9, 13, 19, 27, 29, 38, 44, 52, 69, 76, 83, 97]",66.7,1.015364589691162,11026.615725278854
315,"[2, 5, 7, 9, 13, 19, 27, 29, 38, 44, 52, 69, 76, 83, 97]",65.45,1.0590351647138596,11064.390892982483
316,"[2, 5, 7, 9, 13, 19, 27, 29, 38, 44, 52, 69, 76, 83, 97]",65.15,1.0786489367485046,11101.845021486282
317,"[2, 5, 7, 9, 13, 19, 27, 29, 38, 44, 52, 69, 76, 83, 97]",64.85,1.0916785675287246,11138.633440256119
318,"[2, 5, 7, 9, 13, 19, 27, 29, 38, 44, 52, 69, 76, 83, 97]",64.51,1.1145351701974868,11176.560603618622
319,"[11, 18, 32, 37, 41, 48, 56, 57, 72, 74, 75, 77, 79, 91, 93]",65.66,1.0166502690315247,11219.549282312393
320,"[2, 5, 7, 9, 13, 19, 27, 29, 38, 44, 52, 69, 76, 83, 97]",65.45,1.0621677267551421,11256.233885765076
321,"[0, 6, 15, 25, 31, 36, 40, 54, 59, 82, 85, 87, 92, 94]",65.82,1.0336732012033463,11283.606256723404
322,"[2, 5, 7, 9, 13, 19, 27, 29, 38, 44, 52, 69, 76, 83, 97]",65.12,1.064289397597313,11320.968687534332
323,"[2, 5, 7, 9, 13, 19, 27, 29, 38, 44, 52, 69, 76, 83, 97]",64.9,1.090305256843567,11358.060515880585
324,"[2, 5, 7, 9, 13, 19, 27, 29, 38, 44, 52, 69, 76, 83, 97]",64.81,1.1151602625846864,11395.734819173813
325,"[0, 6, 15, 25, 31, 36, 40, 54, 59, 82, 85, 87, 92, 94]",64.03,1.0940686511993407,11423.360160827637
326,"[2, 5, 7, 9, 13, 19, 27, 29, 38, 44, 52, 69, 76, 83, 97]",64.66,1.0952984112501145,11459.69506597519
327,"[10, 23, 45, 46, 50, 51, 55, 58, 61, 64, 78, 88]",66.25,1.0264566296339035,11487.036133289337
328,"[0, 6, 15, 25, 31, 36, 40, 54, 59, 82, 85, 87, 92, 94]",66.6,1.0340585613250732,11514.536559820175
329,"[11, 18, 32, 37, 41, 48, 56, 57, 72, 74, 75, 77, 79, 91, 93]",66.58,0.9978306841850281,11556.826631069183
330,"[2, 5, 7, 9, 13, 19, 27, 29, 38, 44, 52, 69, 76, 83, 97]",65.85,1.0433606988191604,11595.151818752289
331,"[2, 5, 7, 9, 13, 19, 27, 29, 38, 44, 52, 69, 76, 83, 97]",65.28,1.0840007913112641,11631.877062559128
332,"[2, 5, 7, 9, 13, 19, 27, 29, 38, 44, 52, 69, 76, 83, 97]",64.95,1.0958272993564606,11667.788727760315
333,"[0, 6, 15, 25, 31, 36, 40, 54, 59, 82, 85, 87, 92, 94]",65.97,1.0554538065195083,11694.857495307922
334,"[2, 5, 7, 9, 13, 19, 27, 29, 38, 44, 52, 69, 76, 83, 97]",65.36,1.0841914057731628,11731.924798727036
335,"[2, 5, 7, 9, 13, 19, 27, 29, 38, 44, 52, 69, 76, 83, 97]",65.28,1.106505406498909,11768.194370746613
336,"[2, 5, 7, 9, 13, 19, 27, 29, 38, 44, 52, 69, 76, 83, 97]",64.97,1.119657598733902,11804.553704738617
337,"[0, 6, 15, 25, 31, 36, 40, 54, 59, 82, 85, 87, 92, 94]",65.96,1.0565544539690017,11832.139519691467
338,"[2, 5, 7, 9, 13, 19, 27, 29, 38, 44, 52, 69, 76, 83, 97]",65.25,1.0995429873466491,11869.188267946243
339,"[11, 18, 32, 37, 41, 48, 56, 57, 72, 74, 75, 77, 79, 91, 93]",66.22,1.0144347351789476,11912.066332101822
340,"[2, 5, 7, 9, 13, 19, 27, 29, 38, 44, 52, 69, 76, 83, 97]",64.95,1.0787000620365144,11950.099022626877
341,"[4, 12, 14, 16, 21, 42, 43, 49, 53, 60, 68, 86, 90, 95, 99]",67.61,0.9753200417757034,11984.888818502426
342,"[2, 5, 7, 9, 13, 19, 27, 29, 38, 44, 52, 69, 76, 83, 97]",66.62,1.0311535626649857,12022.159722566605
343,"[2, 5, 7, 9, 13, 19, 27, 29, 38, 44, 52, 69, 76, 83, 97]",65.33,1.0881005400419235,12059.576387166977
344,"[0, 6, 15, 25, 31, 36, 40, 54, 59, 82, 85, 87, 92, 94]",65.43,1.0584050261974334,12087.132933616638
345,"[2, 5, 7, 9, 13, 19, 27, 29, 38, 44, 52, 69, 76, 83, 97]",65.55,1.079560979604721,12124.855222702026
346,"[1, 8, 17, 26, 34, 39, 47, 62, 65, 67, 70, 73, 84, 89, 98]",66.65,1.0050069975852967,12162.500247240067
347,"[4, 12, 14, 16, 21, 42, 43, 49, 53, 60, 68, 86, 90, 95, 99]",68.2,0.9577639490365982,12196.544926166534
348,"[4, 12, 14, 16, 21, 42, 43, 49, 53, 60, 68, 86, 90, 95, 99]",67.95,0.9606935030221939,12230.980141162872
349,"[3, 20, 22, 24, 28, 30, 33, 35, 63, 66, 71, 80, 81, 96]",65.16,1.0677113431692122,12267.271806955338
350,"[11, 18, 32, 37, 41, 48, 56, 57, 72, 74, 75, 77, 79, 91, 93]",66.93,0.9714645403623581,12309.03233551979
351,"[2, 5, 7, 9, 13, 19, 27, 29, 38, 44, 52, 69, 76, 83, 97]",65.79,1.03772614300251,12345.627421855927
352,"[11, 18, 32, 37, 41, 48, 56, 57, 72, 74, 75, 77, 79, 91, 93]",65.8,1.023104908466339,12388.246742725372
353,"[1, 8, 17, 26, 34, 39, 47, 62, 65, 67, 70, 73, 84, 89, 98]",65.92,0.9950188827514649,12426.05440378189
354,"[1, 8, 17, 26, 34, 39, 47, 62, 65, 67, 70, 73, 84, 89, 98]",65.17,1.0235769408941269,12463.75354385376
355,"[11, 18, 32, 37, 41, 48, 56, 57, 72, 74, 75, 77, 79, 91, 93]",66.08,0.9930222797393798,12505.855731964111
356,"[2, 5, 7, 9, 13, 19, 27, 29, 38, 44, 52, 69, 76, 83, 97]",65.21,1.0432795208692551,12543.60052371025
357,"[0, 6, 15, 25, 31, 36, 40, 54, 59, 82, 85, 87, 92, 94]",66.48,1.0212116128206252,12571.765991926193
358,"[2, 5, 7, 9, 13, 19, 27, 29, 38, 44, 52, 69, 76, 83, 97]",65.31,1.0604050409793855,12608.25681066513
359,"[0, 6, 15, 25, 31, 36, 40, 54, 59, 82, 85, 87, 92, 94]",65.93,1.0696646136045456,12635.010286092758
360,"[1, 8, 17, 26, 34, 39, 47, 62, 65, 67, 70, 73, 84, 89, 98]",66.08,1.022374359369278,12674.423744678497
361,"[4, 12, 14, 16, 21, 42, 43, 49, 53, 60, 68, 86, 90, 95, 99]",68.57,0.9635971146821976,12708.556238174438
362,"[1, 8, 17, 26, 34, 39, 47, 62, 65, 67, 70, 73, 84, 89, 98]",67.74,0.972138158082962,12748.216962099075
363,"[2, 5, 7, 9, 13, 19, 27, 29, 38, 44, 52, 69, 76, 83, 97]",66.14,1.0309283369779587,12786.054165840149
364,"[2, 5, 7, 9, 13, 19, 27, 29, 38, 44, 52, 69, 76, 83, 97]",65.64,1.0646630668640136,12823.739643335342
365,"[2, 5, 7, 9, 13, 19, 27, 29, 38, 44, 52, 69, 76, 83, 97]",65.5,1.094675235748291,12861.54311299324
366,"[2, 5, 7, 9, 13, 19, 27, 29, 38, 44, 52, 69, 76, 83, 97]",65.51,1.0916886723041535,12891.07295870781
367,"[2, 5, 7, 9, 13, 19, 27, 29, 38, 44, 52, 69, 76, 83, 97]",64.95,1.0935430043935777,12917.008480787277
368,"[2, 5, 7, 9, 13, 19, 27, 29, 38, 44, 52, 69, 76, 83, 97]",64.91,1.1123096579313279,12942.933071136475
369,"[4, 12, 14, 16, 21, 42, 43, 49, 53, 60, 68, 86, 90, 95, 99]",68.1,0.9739732217788696,12967.69000506401
370,"[10, 23, 45, 46, 50, 51, 55, 58, 61, 64, 78, 88]",67.31,0.9776237314939499,12986.859402418137
371,"[2, 5, 7, 9, 13, 19, 27, 29, 38, 44, 52, 69, 76, 83, 97]",66.9,1.0115014284849166,13014.188876390457
372,"[2, 5, 7, 9, 13, 19, 27, 29, 38, 44, 52, 69, 76, 83, 97]",66.05,1.0549496483802796,13040.043818712234
373,"[11, 18, 32, 37, 41, 48, 56, 57, 72, 74, 75, 77, 79, 91, 93]",66.46,1.0002104526758193,13069.971729755402
374,"[2, 5, 7, 9, 13, 19, 27, 29, 38, 44, 52, 69, 76, 83, 97]",65.76,1.0379976904392243,13096.552538394928
375,"[2, 5, 7, 9, 13, 19, 27, 29, 38, 44, 52, 69, 76, 83, 97]",64.9,1.0829665392637253,13122.575279712677
376,"[2, 5, 7, 9, 13, 19, 27, 29, 38, 44, 52, 69, 76, 83, 97]",65.35,1.0794552665948869,13148.399556875229
377,"[1, 8, 17, 26, 34, 39, 47, 62, 65, 67, 70, 73, 84, 89, 98]",66.2,1.0074778598546983,13176.485930681229
378,"[2, 5, 7, 9, 13, 19, 27, 29, 38, 44, 52, 69, 76, 83, 97]",65.74,1.0460817843675614,13203.137959241867
379,"[2, 5, 7, 9, 13, 19, 27, 29, 38, 44, 52, 69, 76, 83, 97]",65.16,1.0718345332145691,13240.779450178146
380,"[0, 6, 15, 25, 31, 36, 40, 54, 59, 82, 85, 87, 92, 94]",67.07,1.0286024636030198,13269.140637397766
381,"[10, 23, 45, 46, 50, 51, 55, 58, 61, 64, 78, 88]",68.25,0.9722132885456085,13297.675276756287
382,"[4, 12, 14, 16, 21, 42, 43, 49, 53, 60, 68, 86, 90, 95, 99]",68.95,0.9430983603000641,13333.25845694542
383,"[4, 12, 14, 16, 21, 42, 43, 49, 53, 60, 68, 86, 90, 95, 99]",68.45,0.943994072675705,13367.25557565689
384,"[1, 8, 17, 26, 34, 39, 47, 62, 65, 67, 70, 73, 84, 89, 98]",67.61,0.960922002196312,13406.24090719223
385,"[0, 6, 15, 25, 31, 36, 40, 54, 59, 82, 85, 87, 92, 94]",66.2,1.0410772198438645,13433.724273443222
386,"[0, 6, 15, 25, 31, 36, 40, 54, 59, 82, 85, 87, 92, 94]",65.95,1.0903723973035813,13460.933653593063
387,"[10, 23, 45, 46, 50, 51, 55, 58, 61, 64, 78, 88]",67.95,0.9926837104558944,13488.205617904663
388,"[2, 5, 7, 9, 13, 19, 27, 29, 38, 44, 52, 69, 76, 83, 97]",67.95,1.0173415660858154,13525.593666315079
389,"[4, 12, 14, 16, 21, 42, 43, 49, 53, 60, 68, 86, 90, 95, 99]",68.6,0.9576172465085984,13560.600046634674
390,"[10, 23, 45, 46, 50, 51, 55, 58, 61, 64, 78, 88]",67.72,0.9826923853158951,13586.91444182396
391,"[2, 5, 7, 9, 13, 19, 27, 29, 38, 44, 52, 69, 76, 83, 97]",67.42,1.0094334322214127,13625.164717912674
392,"[2, 5, 7, 9, 13, 19, 27, 29, 38, 44, 52, 69, 76, 83, 97]",66.48,1.0356829583644866,13662.681987524033
393,"[2, 5, 7, 9, 13, 19, 27, 29, 38, 44, 52, 69, 76, 83, 97]",66.32,1.0552448493242264,13699.307009220123
394,"[2, 5, 7, 9, 13, 19, 27, 29, 38, 44, 52, 69, 76, 83, 97]",65.98,1.0803290873765945,13737.120842456818
395,"[10, 23, 45, 46, 50, 51, 55, 58, 61, 64, 78, 88]",67.08,1.019371622800827,13763.618636608124
396,"[2, 5, 7, 9, 13, 19, 27, 29, 38, 44, 52, 69, 76, 83, 97]",65.81,1.060814666748047,13800.948139667511
397,"[1, 8, 17, 26, 34, 39, 47, 62, 65, 67, 70, 73, 84, 89, 98]",66.86,0.992516205906868,13840.204732894897
398,"[2, 5, 7, 9, 13, 19, 27, 29, 38, 44, 52, 69, 76, 83, 97]",66.67,1.0332893913984298,13878.0517745018
399,"[11, 18, 32, 37, 41, 48, 56, 57, 72, 74, 75, 77, 79, 91, 93]",66.02,1.0029162162542342,13921.525287151337
400,"[4, 12, 14, 16, 21, 42, 43, 49, 53, 60, 68, 86, 90, 95, 99]",67.53,0.9702364587783814,13955.709117650986
401,"[2, 5, 7, 9, 13, 19, 27, 29, 38, 44, 52, 69, 76, 83, 97]",66.8,1.0267013168334962,13993.380718946457
402,"[3, 20, 22, 24, 28, 30, 33, 35, 63, 66, 71, 80, 81, 96]",66.29,1.0396024459600448,14028.884195566177
403,"[2, 5, 7, 9, 13, 19, 27, 29, 38, 44, 52, 69, 76, 83, 97]",67.32,1.011888090968132,14065.857933282852
404,"[2, 5, 7, 9, 13, 19, 27, 29, 38, 44, 52, 69, 76, 83, 97]",66.14,1.0566555804014206,14102.777997732162
405,"[2, 5, 7, 9, 13, 19, 27, 29, 38, 44, 52, 69, 76, 83, 97]",66.11,1.0627749490737914,14139.720132350922
406,"[4, 12, 14, 16, 21, 42, 43, 49, 53, 60, 68, 86, 90, 95, 99]",68.02,0.9871154475212097,14174.022314310074
407,"[10, 23, 45, 46, 50, 51, 55, 58, 61, 64, 78, 88]",68.14,0.9722122365236282,14201.165350914001
408,"[2, 5, 7, 9, 13, 19, 27, 29, 38, 44, 52, 69, 76, 83, 97]",66.45,1.036267610192299,14239.897894620895
409,"[1, 8, 17, 26, 34, 39, 47, 62, 65, 67, 70, 73, 84, 89, 98]",67.79,0.9749783301353454,14278.914890050888
410,"[2, 5, 7, 9, 13, 19, 27, 29, 38, 44, 52, 69, 76, 83, 97]",66.45,1.0252998447418213,14316.503058671951
411,"[3, 20, 22, 24, 28, 30, 33, 35, 63, 66, 71, 80, 81, 96]",66.11,1.0384549099206923,14351.664092540741
412,"[2, 5, 7, 9, 13, 19, 27, 29, 38, 44, 52, 69, 76, 83, 97]",66.93,1.0142214035987853,14388.884650468826
413,"[2, 5, 7, 9, 13, 19, 27, 29, 38, 44, 52, 69, 76, 83, 97]",66.29,1.0414632016420364,14426.201117277145
414,"[0, 6, 15, 25, 31, 36, 40, 54, 59, 82, 85, 87, 92, 94]",67.2,1.016719895005226,14453.780895709991
415,"[2, 5, 7, 9, 13, 19, 27, 29, 38, 44, 52, 69, 76, 83, 97]",67.12,1.05108043551445,14490.803717136383
416,"[2, 5, 7, 9, 13, 19, 27, 29, 38, 44, 52, 69, 76, 83, 97]",66.63,1.053052812218666,14528.288656234741
417,"[3, 20, 22, 24, 28, 30, 33, 35, 63, 66, 71, 80, 81, 96]",64.96,1.1015429282188416,14563.734669685364
418,"[2, 5, 7, 9, 13, 19, 27, 29, 38, 44, 52, 69, 76, 83, 97]",66.48,1.0373376959562302,14600.783770561218
419,"[1, 8, 17, 26, 34, 39, 47, 62, 65, 67, 70, 73, 84, 89, 98]",67.48,0.9933973354101181,14639.65131855011
420,"[2, 5, 7, 9, 13, 19, 27, 29, 38, 44, 52, 69, 76, 83, 97]",66.48,1.0286336892843246,14677.16730260849
421,"[2, 5, 7, 9, 13, 19, 27, 29, 38, 44, 52, 69, 76, 83, 97]",65.94,1.0612485110759735,14714.859678268433
422,"[0, 6, 15, 25, 31, 36, 40, 54, 59, 82, 85, 87, 92, 94]",66.96,1.0273317360877992,14744.046351909637
423,"[1, 8, 17, 26, 34, 39, 47, 62, 65, 67, 70, 73, 84, 89, 98]",66.88,1.0196333396434785,14784.011436223984
424,"[4, 12, 14, 16, 21, 42, 43, 49, 53, 60, 68, 86, 90, 95, 99]",67.88,0.9846656602621079,14818.296400547028
425,"[2, 5, 7, 9, 13, 19, 27, 29, 38, 44, 52, 69, 76, 83, 97]",67.13,1.014045524597168,14855.56025981903
426,"[2, 5, 7, 9, 13, 19, 27, 29, 38, 44, 52, 69, 76, 83, 97]",66.52,1.0442480057477952,14891.649375677109
427,"[2, 5, 7, 9, 13, 19, 27, 29, 38, 44, 52, 69, 76, 83, 97]",66.51,1.059626772403717,14927.6902821064
428,"[2, 5, 7, 9, 13, 19, 27, 29, 38, 44, 52, 69, 76, 83, 97]",66.05,1.0791586589813233,14965.451626777649
429,"[2, 5, 7, 9, 13, 19, 27, 29, 38, 44, 52, 69, 76, 83, 97]",65.73,1.0795546352863312,15003.184205770493
430,"[0, 6, 15, 25, 31, 36, 40, 54, 59, 82, 85, 87, 92, 94]",66.95,1.0359660255908967,15031.012344360352
431,"[2, 5, 7, 9, 13, 19, 27, 29, 38, 44, 52, 69, 76, 83, 97]",66.14,1.0619575440883637,15068.178491353989
432,"[2, 5, 7, 9, 13, 19, 27, 29, 38, 44, 52, 69, 76, 83, 97]",65.78,1.0784620881080627,15104.872168540955
433,"[0, 6, 15, 25, 31, 36, 40, 54, 59, 82, 85, 87, 92, 94]",66.22,1.0662040793895722,15132.035901784897
434,"[2, 5, 7, 9, 13, 19, 27, 29, 38, 44, 52, 69, 76, 83, 97]",65.92,1.0842079079151155,15170.499068498611
435,"[0, 6, 15, 25, 31, 36, 40, 54, 59, 82, 85, 87, 92, 94]",65.75,1.0939437854290008,15197.698323249817
436,"[10, 23, 45, 46, 50, 51, 55, 58, 61, 64, 78, 88]",68.03,1.0039086639881134,15224.436208724976
437,"[1, 8, 17, 26, 34, 39, 47, 62, 65, 67, 70, 73, 84, 89, 98]",67.49,1.0038544988632203,15264.000830411911
438,"[1, 8, 17, 26, 34, 39, 47, 62, 65, 67, 70, 73, 84, 89, 98]",66.5,1.0294256496429444,15302.167595386505
439,"[2, 5, 7, 9, 13, 19, 27, 29, 38, 44, 52, 69, 76, 83, 97]",66.54,1.0475175750255585,15339.283742189407
440,"[10, 23, 45, 46, 50, 51, 55, 58, 61, 64, 78, 88]",67.52,1.0197717654705047,15366.063274145126
441,"[4, 12, 14, 16, 21, 42, 43, 49, 53, 60, 68, 86, 90, 95, 99]",68.35,0.9726894962787628,15399.480502605438
442,"[11, 18, 32, 37, 41, 48, 56, 57, 72, 74, 75, 77, 79, 91, 93]",68.23,0.9547002452611923,15442.257475852966
443,"[4, 12, 14, 16, 21, 42, 43, 49, 53, 60, 68, 86, 90, 95, 99]",67.93,0.9681255406141281,15477.850854873657
444,"[3, 20, 22, 24, 28, 30, 33, 35, 63, 66, 71, 80, 81, 96]",66.39,1.0270402824878693,15513.826691150665
445,"[2, 5, 7, 9, 13, 19, 27, 29, 38, 44, 52, 69, 76, 83, 97]",67.59,1.0198832309246064,15551.164769649506
446,"[10, 23, 45, 46, 50, 51, 55, 58, 61, 64, 78, 88]",68.12,0.9973085200786591,15578.786911964417
447,"[11, 18, 32, 37, 41, 48, 56, 57, 72, 74, 75, 77, 79, 91, 93]",67.45,0.9779086548089981,15621.066393375397
448,"[2, 5, 7, 9, 13, 19, 27, 29, 38, 44, 52, 69, 76, 83, 97]",66.71,1.0162256807088852,15658.24501657486
449,"[3, 20, 22, 24, 28, 30, 33, 35, 63, 66, 71, 80, 81, 96]",66.64,1.0528876608610154,15694.065219163895
450,"[2, 5, 7, 9, 13, 19, 27, 29, 38, 44, 52, 69, 76, 83, 97]",67.08,1.0351906621456146,15730.980367898941
451,"[2, 5, 7, 9, 13, 19, 27, 29, 38, 44, 52, 69, 76, 83, 97]",66.52,1.0470770049095153,15768.127898931503
452,"[2, 5, 7, 9, 13, 19, 27, 29, 38, 44, 52, 69, 76, 83, 97]",65.99,1.0699826377630233,15807.052548408508
453,"[0, 6, 15, 25, 31, 36, 40, 54, 59, 82, 85, 87, 92, 94]",66.91,1.0540916073322295,15835.401103973389
454,"[4, 12, 14, 16, 21, 42, 43, 49, 53, 60, 68, 86, 90, 95, 99]",67.7,0.9912796545028687,15869.89902472496
455,"[2, 5, 7, 9, 13, 19, 27, 29, 38, 44, 52, 69, 76, 83, 97]",67.01,1.0468234622478485,15907.372157812119
456,"[2, 5, 7, 9, 13, 19, 27, 29, 38, 44, 52, 69, 76, 83, 97]",66.72,1.0596897399425507,15944.960747003555
457,"[1, 8, 17, 26, 34, 39, 47, 62, 65, 67, 70, 73, 84, 89, 98]",67.31,1.010736861228943,15983.618733167648
458,"[4, 12, 14, 16, 21, 42, 43, 49, 53, 60, 68, 86, 90, 95, 99]",68.44,0.9779233413934708,16018.248038291931
459,"[2, 5, 7, 9, 13, 19, 27, 29, 38, 44, 52, 69, 76, 83, 97]",67.5,1.019849420785904,16056.508058547974
460,"[4, 12, 14, 16, 21, 42, 43, 49, 53, 60, 68, 86, 90, 95, 99]",68.33,0.9798641771078109,16090.901187896729
461,"[2, 5, 7, 9, 13, 19, 27, 29, 38, 44, 52, 69, 76, 83, 97]",67.21,1.027828909754753,16129.860927820206
462,"[4, 12, 14, 16, 21, 42, 43, 49, 53, 60, 68, 86, 90, 95, 99]",67.75,0.9920858687162399,16162.942156553268
463,"[2, 5, 7, 9, 13, 19, 27, 29, 38, 44, 52, 69, 76, 83, 97]",67.17,1.0246847903728484,16200.249189376831
464,"[10, 23, 45, 46, 50, 51, 55, 58, 61, 64, 78, 88]",67.53,1.0050711864233017,16227.479153633118
465,"[2, 5, 7, 9, 13, 19, 27, 29, 38, 44, 52, 69, 76, 83, 97]",67.13,1.0350571179389954,16264.783459424973
466,"[2, 5, 7, 9, 13, 19, 27, 29, 38, 44, 52, 69, 76, 83, 97]",66.77,1.054863932132721,16301.316668748856
467,"[2, 5, 7, 9, 13, 19, 27, 29, 38, 44, 52, 69, 76, 83, 97]",65.81,1.0748644465208053,16337.889310836792
468,"[2, 5, 7, 9, 13, 19, 27, 29, 38, 44, 52, 69, 76, 83, 97]",66.04,1.0973703998327256,16374.921426296234
469,"[2, 5, 7, 9, 13, 19, 27, 29, 38, 44, 52, 69, 76, 83, 97]",65.82,1.0920591700077056,16412.1763317585
470,"[0, 6, 15, 25, 31, 36, 40, 54, 59, 82, 85, 87, 92, 94]",67.89,1.0236183714866638,16440.324111700058
471,"[4, 12, 14, 16, 21, 42, 43, 49, 53, 60, 68, 86, 90, 95, 99]",67.95,0.994599593281746,16475.830651044846
472,"[2, 5, 7, 9, 13, 19, 27, 29, 38, 44, 52, 69, 76, 83, 97]",66.85,1.0459233617782593,16513.233891248703
473,"[2, 5, 7, 9, 13, 19, 27, 29, 38, 44, 52, 69, 76, 83, 97]",66.67,1.0633636558055877,16552.56121659279
474,"[4, 12, 14, 16, 21, 42, 43, 49, 53, 60, 68, 86, 90, 95, 99]",67.55,1.0136360239982605,16586.96466732025
475,"[10, 23, 45, 46, 50, 51, 55, 58, 61, 64, 78, 88]",67.99,0.992605522274971,16613.47921872139
476,"[2, 5, 7, 9, 13, 19, 27, 29, 38, 44, 52, 69, 76, 83, 97]",67.2,1.0352776783704758,16651.21429681778
477,"[10, 23, 45, 46, 50, 51, 55, 58, 61, 64, 78, 88]",67.69,1.0102116233110428,16678.169385910034
478,"[2, 5, 7, 9, 13, 19, 27, 29, 38, 44, 52, 69, 76, 83, 97]",66.9,1.025484311580658,16717.05618786812
479,"[2, 5, 7, 9, 13, 19, 27, 29, 38, 44, 52, 69, 76, 83, 97]",66.24,1.0709359955787658,16754.75776028633
480,"[2, 5, 7, 9, 13, 19, 27, 29, 38, 44, 52, 69, 76, 83, 97]",66.12,1.0853564959764481,16794.38005208969
481,"[2, 5, 7, 9, 13, 19, 27, 29, 38, 44, 52, 69, 76, 83, 97]",65.5,1.1064503926038742,16832.33784008026
482,"[2, 5, 7, 9, 13, 19, 27, 29, 38, 44, 52, 69, 76, 83, 97]",65.43,1.1042562222480774,16870.86865735054
483,"[10, 23, 45, 46, 50, 51, 55, 58, 61, 64, 78, 88]",66.7,1.0657544445991516,16897.80410718918
484,"[1, 8, 17, 26, 34, 39, 47, 62, 65, 67, 70, 73, 84, 89, 98]",67.28,1.002579822540283,16937.547094106674
485,"[4, 12, 14, 16, 21, 42, 43, 49, 53, 60, 68, 86, 90, 95, 99]",67.41,0.9988701325654984,16973.38070678711
486,"[10, 23, 45, 46, 50, 51, 55, 58, 61, 64, 78, 88]",67.53,1.024561299085617,16999.489817857742
487,"[0, 6, 15, 25, 31, 36, 40, 54, 59, 82, 85, 87, 92, 94]",67.83,1.0262609827518463,17026.89730978012
488,"[0, 6, 15, 25, 31, 36, 40, 54, 59, 82, 85, 87, 92, 94]",66.93,1.0548438292741775,17054.96248483658
489,"[1, 8, 17, 26, 34, 39, 47, 62, 65, 67, 70, 73, 84, 89, 98]",67.42,1.0200760746002198,17094.29098057747
490,"[2, 5, 7, 9, 13, 19, 27, 29, 38, 44, 52, 69, 76, 83, 97]",66.85,1.0422206604480744,17132.68552517891
491,"[2, 5, 7, 9, 13, 19, 27, 29, 38, 44, 52, 69, 76, 83, 97]",66.69,1.0644526952505111,17171.949949741364
492,"[0, 6, 15, 25, 31, 36, 40, 54, 59, 82, 85, 87, 92, 94]",66.75,1.0723113071918489,17199.775121212006
493,"[4, 12, 14, 16, 21, 42, 43, 49, 53, 60, 68, 86, 90, 95, 99]",68.85,0.9914179128408432,17234.395365715027
494,"[11, 18, 32, 37, 41, 48, 56, 57, 72, 74, 75, 77, 79, 91, 93]",67.39,0.9774550485610962,17279.20196247101
495,"[0, 6, 15, 25, 31, 36, 40, 54, 59, 82, 85, 87, 92, 94]",66.3,1.0616412091255187,17307.12090563774
496,"[3, 20, 22, 24, 28, 30, 33, 35, 63, 66, 71, 80, 81, 96]",65.98,1.0755158048868179,17342.745180606842
497,"[2, 5, 7, 9, 13, 19, 27, 29, 38, 44, 52, 69, 76, 83, 97]",67.11,1.0281463134288789,17382.505491256714
498,"[3, 20, 22, 24, 28, 30, 33, 35, 63, 66, 71, 80, 81, 96]",66.08,1.074250922203064,17418.310615301132
499,"[1, 8, 17, 26, 34, 39, 47, 62, 65, 67, 70, 73, 84, 89, 98]",67.57,1.0025884199142456,17457.334646224976
500,"[3, 20, 22, 24, 28, 30, 33, 35, 63, 66, 71, 80, 81, 96]",66.33,1.0788986885547638,17493.138922452927
501,"[2, 5, 7, 9, 13, 19, 27, 29, 38, 44, 52, 69, 76, 83, 97]",66.91,1.052160748243332,17531.181068897247
502,"[3, 20, 22, 24, 28, 30, 33, 35, 63, 66, 71, 80, 81, 96]",66.11,1.0884371376037598,17566.03968977928
503,"[2, 5, 7, 9, 13, 19, 27, 29, 38, 44, 52, 69, 76, 83, 97]",66.36,1.062477304339409,17605.076228380203
504,"[0, 6, 15, 25, 31, 36, 40, 54, 59, 82, 85, 87, 92, 94]",67.16,1.0393128955364228,17633.518634080887
505,"[11, 18, 32, 37, 41, 48, 56, 57, 72, 74, 75, 77, 79, 91, 93]",67.51,0.9929291176795959,17678.300547122955
506,"[10, 23, 45, 46, 50, 51, 55, 58, 61, 64, 78, 88]",67.58,0.9904019999504089,17705.864942073822
507,"[11, 18, 32, 37, 41, 48, 56, 57, 72, 74, 75, 77, 79, 91, 93]",66.41,1.0038971000909804,17749.4238345623
508,"[11, 18, 32, 37, 41, 48, 56, 57, 72, 74, 75, 77, 79, 91, 93]",65.9,1.021039582490921,17794.46078157425
509,"[1, 8, 17, 26, 34, 39, 47, 62, 65, 67, 70, 73, 84, 89, 98]",65.68,1.022773191332817,17834.35786652565
510,"[2, 5, 7, 9, 13, 19, 27, 29, 38, 44, 52, 69, 76, 83, 97]",66.23,1.03127556681633,17873.674397706985
